"Pathogen","year","State","count","Population","yearn"
"CAMPYLOBACTER",1996,"CA",1189,2087032,1996
"CAMPYLOBACTER",1996,"CT",263,1622809,1996
"CAMPYLOBACTER",1996,"GA",328,2720443,1996
"CAMPYLOBACTER",1996,"MN",891,4647723,1996
"CAMPYLOBACTER",1996,"OR",696,3195087,1996
"CAMPYLOBACTER",1997,"CA",1026,4751094.83333333,1997
"CAMPYLOBACTER",1997,"CT",527,5721997,1997
"CAMPYLOBACTER",1997,"GA",503,3632206,1997
"CAMPYLOBACTER",1997,"MN",1171,9375452,1997
"CAMPYLOBACTER",1997,"OR",733,4864881,1997
"CAMPYLOBACTER",1998,"CA",789,5203582,1998
"CAMPYLOBACTER",1998,"CT",603,6545126,1998
"CAMPYLOBACTER",1998,"GA",468,7488044,1998
"CAMPYLOBACTER",1998,"MD",246,4882558,1998
"CAMPYLOBACTER",1998,"MN",1002,9452822,1998
"CAMPYLOBACTER",1998,"NY",221,2210124,1998
"CAMPYLOBACTER",1998,"OR",693,6564110,1998
"CAMPYLOBACTER",1999,"CA",697,5257859,1999
"CAMPYLOBACTER",1999,"CT",564,6564062,1999
"CAMPYLOBACTER",1999,"GA",673,15576480,1999
"CAMPYLOBACTER",1999,"MD",166,4901132,1999
"CAMPYLOBACTER",1999,"MN",782,9551016,1999
"CAMPYLOBACTER",1999,"NY",359,4168906,1999
"CAMPYLOBACTER",1999,"OR",591,6632308,1999
"CAMPYLOBACTER",2000,"CA",1186,6361070,2000
"CAMPYLOBACTER",2000,"CT",584,6823554,2000
"CAMPYLOBACTER",2000,"GA",589,16454606,2000
"CAMPYLOBACTER",2000,"MD",189,5034390,2000
"CAMPYLOBACTER",2000,"MN",1079,9867384,2000
"CAMPYLOBACTER",2000,"NY",342,4230114,2000
"CAMPYLOBACTER",2000,"OR",558,6859416,2000
"CAMPYLOBACTER",2000,"TN",181,5652762,2000
"CAMPYLOBACTER",2001,"CA",999,6442602,2001
"CAMPYLOBACTER",2001,"CO",343,4299626,2001
"CAMPYLOBACTER",2001,"CT",495,6865670,2001
"CAMPYLOBACTER",2001,"GA",613,16754076,2001
"CAMPYLOBACTER",2001,"MD",300,8486684,2001
"CAMPYLOBACTER",2001,"MN",954,9965592,2001
"CAMPYLOBACTER",2001,"NY",248,4239942,2001
"CAMPYLOBACTER",2001,"OR",586,6935874,2001
"CAMPYLOBACTER",2001,"TN",213,5705808,2001
"CAMPYLOBACTER",2002,"CA",1018,6429382,2002
"CAMPYLOBACTER",2002,"CO",347,4989018,2002
"CAMPYLOBACTER",2002,"CT",542,6917498,2002
"CAMPYLOBACTER",2002,"GA",664,17016512,2002
"CAMPYLOBACTER",2002,"MD",374,10880778,2002
"CAMPYLOBACTER",2002,"MN",941,10037870,2002
"CAMPYLOBACTER",2002,"NY",431,6665478,2002
"CAMPYLOBACTER",2002,"OR",567,7026848,2002
"CAMPYLOBACTER",2002,"TN",180,5757746,2002
"CAMPYLOBACTER",2003,"CA",870,6415708,2003
"CAMPYLOBACTER",2003,"CO",371,5023214,2003
"CAMPYLOBACTER",2003,"CT",543,6968672,2003
"CAMPYLOBACTER",2003,"GA",622,17245586,2003
"CAMPYLOBACTER",2003,"MD",421,10992538,2003
"CAMPYLOBACTER",2003,"MN",937,10107144,2003
"CAMPYLOBACTER",2003,"NY",472,7963460,2003
"CAMPYLOBACTER",2003,"OR",580,7094752,2003
"CAMPYLOBACTER",2003,"TN",456,11695624,2003
"CAMPYLOBACTER",2004,"CA",920,6398940,2004
"CAMPYLOBACTER",2004,"CO",501,5065078,2004
"CAMPYLOBACTER",2004,"CT",587,6992188,2004
"CAMPYLOBACTER",2004,"GA",575,17538504,2004
"CAMPYLOBACTER",2004,"MD",290,11093870,2004
"CAMPYLOBACTER",2004,"MN",896,10175426,2004
"CAMPYLOBACTER",2004,"NM",343,3807616,2004
"CAMPYLOBACTER",2004,"NY",493,8656194,2004
"CAMPYLOBACTER",2004,"OR",643,7138926,2004
"CAMPYLOBACTER",2004,"TN",438,11821618,2004
"CAMPYLOBACTER",2005,"CA",920,6407148,2005
"CAMPYLOBACTER",2005,"CO",495,5121288,2005
"CAMPYLOBACTER",2005,"CT",543,7013912,2005
"CAMPYLOBACTER",2005,"GA",585,17851844,2005
"CAMPYLOBACTER",2005,"MD",403,11184758,2005
"CAMPYLOBACTER",2005,"MN",843,10239196,2005
"CAMPYLOBACTER",2005,"NM",352,3864548,2005
"CAMPYLOBACTER",2005,"NY",507,8641706,2005
"CAMPYLOBACTER",2005,"OR",641,7226404,2005
"CAMPYLOBACTER",2005,"TN",403,11982114,2005
"CAMPYLOBACTER",2006,"CA",866,6427936,2006
"CAMPYLOBACTER",2006,"CO",479,5211718,2006
"CAMPYLOBACTER",2006,"CT",532,7034920,2006
"CAMPYLOBACTER",2006,"GA",580,18311626,2006
"CAMPYLOBACTER",2006,"MD",432,11254734,2006
"CAMPYLOBACTER",2006,"MN",899,10327110,2006
"CAMPYLOBACTER",2006,"NM",383,3924274,2006
"CAMPYLOBACTER",2006,"NY",522,8637430,2006
"CAMPYLOBACTER",2006,"OR",634,7341766,2006
"CAMPYLOBACTER",2006,"TN",443,12177532,2006
"CAMPYLOBACTER",2007,"CA",923,6487080,2007
"CAMPYLOBACTER",2007,"CO",421,5306444,2007
"CAMPYLOBACTER",2007,"CT",493,7054540,2007
"CAMPYLOBACTER",2007,"GA",689,18699976,2007
"CAMPYLOBACTER",2007,"MD",414,11306816,2007
"CAMPYLOBACTER",2007,"MN",907,10414406,2007
"CAMPYLOBACTER",2007,"NM",350,3980140,2007
"CAMPYLOBACTER",2007,"NY",522,8638580,2007
"CAMPYLOBACTER",2007,"OR",705,7444834,2007
"CAMPYLOBACTER",2007,"TN",447,12351454,2007
"CAMPYLOBACTER",2008,"CA",990,6583408,2008
"CAMPYLOBACTER",2008,"CO",388,5403276,2008
"CAMPYLOBACTER",2008,"CT",530,7091158,2008
"CAMPYLOBACTER",2008,"GA",683,19009686,2008
"CAMPYLOBACTER",2008,"MD",378,11369930,2008
"CAMPYLOBACTER",2008,"MN",884,10494036,2008
"CAMPYLOBACTER",2008,"NM",357,4021324,2008
"CAMPYLOBACTER",2008,"NY",479,8646898,2008
"CAMPYLOBACTER",2008,"OR",690,7537496,2008
"CAMPYLOBACTER",2008,"TN",480,12494822,2008
"CAMPYLOBACTER",2009,"CA",975,6676702,2009
"CAMPYLOBACTER",2009,"CO",386,5498396,2009
"CAMPYLOBACTER",2009,"CT",535,7123614,2009
"CAMPYLOBACTER",2009,"GA",740,19241692,2009
"CAMPYLOBACTER",2009,"MD",479,11460776,2009
"CAMPYLOBACTER",2009,"MN",899,10562406,2009
"CAMPYLOBACTER",2009,"NM",331,4073604,2009
"CAMPYLOBACTER",2009,"NY",490,8652990,2009
"CAMPYLOBACTER",2009,"OR",718,7617200,2009
"CAMPYLOBACTER",2009,"TN",513,12612038,2009
"CAMPYLOBACTER",2010,"CA",1101,6742064,2010
"CAMPYLOBACTER",2010,"CO",397,5591348,2010
"CAMPYLOBACTER",2010,"CT",532,7158346,2010
"CAMPYLOBACTER",2010,"GA",598,19424418,2010
"CAMPYLOBACTER",2010,"MD",504,11577568,2010
"CAMPYLOBACTER",2010,"MN",1007,10621868,2010
"CAMPYLOBACTER",2010,"NM",357,4129228,2010
"CAMPYLOBACTER",2010,"NY",640,8658452,2010
"CAMPYLOBACTER",2010,"OR",848,7675228,2010
"CAMPYLOBACTER",2010,"TN",391,12711036,2010
"CAMPYLOBACTER",2011,"CA",1142,6823896,2011
"CAMPYLOBACTER",2011,"CO",405,5699260,2011
"CAMPYLOBACTER",2011,"CT",657,7177264,2011
"CAMPYLOBACTER",2011,"GA",642,19607260,2011
"CAMPYLOBACTER",2011,"MD",595,11680482,2011
"CAMPYLOBACTER",2011,"MN",995,10693240,2011
"CAMPYLOBACTER",2011,"NM",309,4161414,2011
"CAMPYLOBACTER",2011,"NY",676,8657466,2011
"CAMPYLOBACTER",2011,"OR",957,7745344,2011
"CAMPYLOBACTER",2011,"TN",407,12800596,2011
"CAMPYLOBACTER",2012,"CA",1189,6920262,2012
"CAMPYLOBACTER",2012,"CO",414,5803670,2012
"CAMPYLOBACTER",2012,"CT",600,7190422,2012
"CAMPYLOBACTER",2012,"GA",1058,19807160,2012
"CAMPYLOBACTER",2012,"MD",662,11776750,2012
"CAMPYLOBACTER",2012,"MN",1191,10755000,2012
"CAMPYLOBACTER",2012,"NM",399,4175430,2012
"CAMPYLOBACTER",2012,"NY",614,8651646,2012
"CAMPYLOBACTER",2012,"OR",907,7800204,2012
"CAMPYLOBACTER",2012,"TN",657,12911504,2012
"CAMPYLOBACTER",2013,"CA",1076,7024912,2013
"CAMPYLOBACTER",2013,"CO",344,5913398,2013
"CAMPYLOBACTER",2013,"CT",694,7191584,2013
"CAMPYLOBACTER",2013,"GA",983,19951184,2013
"CAMPYLOBACTER",2013,"MD",708,11850394,2013
"CAMPYLOBACTER",2013,"MN",1190,10829444,2013
"CAMPYLOBACTER",2013,"NM",415,4185666,2013
"CAMPYLOBACTER",2013,"NY",673,8644848,2013
"CAMPYLOBACTER",2013,"OR",870,7848220,2013
"CAMPYLOBACTER",2013,"TN",740,12993886,2013
"CAMPYLOBACTER",2014,"CA",1040,7134442,2014
"CAMPYLOBACTER",2014,"CO",330,6024746,2014
"CAMPYLOBACTER",2014,"CT",812,7191394,2014
"CAMPYLOBACTER",2014,"GA",946,20142408,2014
"CAMPYLOBACTER",2014,"MD",729,11920128,2014
"CAMPYLOBACTER",2014,"MN",1082,10905330,2014
"CAMPYLOBACTER",2014,"NM",431,4180472,2014
"CAMPYLOBACTER",2014,"NY",708,8629338,2014
"CAMPYLOBACTER",2014,"OR",906,7930894,2014
"CAMPYLOBACTER",2014,"TN",678,13089234,2014
"CAMPYLOBACTER",2015,"CA",1245,7243422,2015
"CAMPYLOBACTER",2015,"CO",451,6152718,2015
"CAMPYLOBACTER",2015,"CT",783,7177122,2015
"CAMPYLOBACTER",2015,"GA",1088,20366706,2015
"CAMPYLOBACTER",2015,"MD",772,11977056,2015
"CAMPYLOBACTER",2015,"MN",1411,10968004,2015
"CAMPYLOBACTER",2015,"NM",463,4180142,2015
"CAMPYLOBACTER",2015,"NY",636,8604116,2015
"CAMPYLOBACTER",2015,"OR",884,8037084,2015
"CAMPYLOBACTER",2015,"TN",759,13190708,2015
"CAMPYLOBACTER",2016,"CA",1254,7318734,2016
"CAMPYLOBACTER",2016,"CO",540,6244946,2016
"CAMPYLOBACTER",2016,"CT",662,7159660,2016
"CAMPYLOBACTER",2016,"GA",960,20616884,2016
"CAMPYLOBACTER",2016,"MD",811,12014028,2016
"CAMPYLOBACTER",2016,"MN",1518,11050720,2016
"CAMPYLOBACTER",2016,"NM",507,4185110,2016
"CAMPYLOBACTER",2016,"NY",637,8580286,2016
"CAMPYLOBACTER",2016,"OR",979,8186542,2016
"CAMPYLOBACTER",2016,"TN",763,13302554,2016
"CAMPYLOBACTER",2017,"CA",1279,7365836,2017
"CAMPYLOBACTER",2017,"CO",562,6314826,2017
"CAMPYLOBACTER",2017,"CT",659,7150648,2017
"CAMPYLOBACTER",2017,"GA",1179,20834062,2017
"CAMPYLOBACTER",2017,"MD",864,12056372,2017
"CAMPYLOBACTER",2017,"MN",1554,11138566,2017
"CAMPYLOBACTER",2017,"NM",760,4185688,2017
"CAMPYLOBACTER",2017,"NY",679,8568618,2017
"CAMPYLOBACTER",2017,"OR",1072,8294588,2017
"CAMPYLOBACTER",2017,"TN",907,13429496,2017
"CAMPYLOBACTER",2018,"CA",1306,7394224,2018
"CAMPYLOBACTER",2018,"CO",655,6397792,2018
"CAMPYLOBACTER",2018,"CT",743,7149122,2018
"CAMPYLOBACTER",2018,"GA",1417,21038778,2018
"CAMPYLOBACTER",2018,"MD",950,12084306,2018
"CAMPYLOBACTER",2018,"MN",1569,11217524,2018
"CAMPYLOBACTER",2018,"NM",611,4187508,2018
"CAMPYLOBACTER",2018,"NY",690,8559336,2018
"CAMPYLOBACTER",2018,"OR",969,8367076,2018
"CAMPYLOBACTER",2018,"TN",921,13556360,2018
"CAMPYLOBACTER",2019,"CA",1237,7400242,2019
"CAMPYLOBACTER",2019,"CO",647,6458826,2019
"CAMPYLOBACTER",2019,"CT",724,7132044,2019
"CAMPYLOBACTER",2019,"GA",1395,21256040,2019
"CAMPYLOBACTER",2019,"MD",886,12109908,2019
"CAMPYLOBACTER",2019,"MN",1489,11280106,2019
"CAMPYLOBACTER",2019,"NM",686,4199268,2019
"CAMPYLOBACTER",2019,"NY",794,8531148,2019
"CAMPYLOBACTER",2019,"OR",1018,8432232,2019
"CAMPYLOBACTER",2019,"TN",922,13660650,2019
"CAMPYLOBACTER",2020,"CA",671,7433518,2020
"CAMPYLOBACTER",2020,"CO",373,6484002,2020
"CAMPYLOBACTER",2020,"CT",493,NA,2020
"CAMPYLOBACTER",2020,"GA",1242,21459656,2020
"CAMPYLOBACTER",2020,"MD",704,12346410,2020
"CAMPYLOBACTER",2020,"MN",1054,11419704,2020
"CAMPYLOBACTER",2020,"NM",481,4236780,2020
"CAMPYLOBACTER",2020,"NY",657,8686056,2020
"CAMPYLOBACTER",2020,"OR",839,8489590,2020
"CAMPYLOBACTER",2020,"TN",744,13851238,2020
"CAMPYLOBACTER",2021,"CA",778,7236776,2021
"CAMPYLOBACTER",2021,"CO",494,6489346,2021
"CAMPYLOBACTER",2021,"CT",714,NA,2021
"CAMPYLOBACTER",2021,"GA",1463,21576058,2021
"CAMPYLOBACTER",2021,"MD",830,12349220,2021
"CAMPYLOBACTER",2021,"MN",1561,11422942,2021
"CAMPYLOBACTER",2021,"NM",649,4233354,2021
"CAMPYLOBACTER",2021,"NY",728,8697126,2021
"CAMPYLOBACTER",2021,"OR",1073,8512602,2021
"CAMPYLOBACTER",2021,"TN",849,13936702,2021
"CAMPYLOBACTER",2022,"CA",1006,7188800,2022
"CAMPYLOBACTER",2022,"CO",645,6504710,2022
"CAMPYLOBACTER",2022,"CT",709,NA,2022
"CAMPYLOBACTER",2022,"GA",1568,21825752,2022
"CAMPYLOBACTER",2022,"MD",1092,12329320,2022
"CAMPYLOBACTER",2022,"MN",1539,11434368,2022
"CAMPYLOBACTER",2022,"NM",588,4226688,2022
"CAMPYLOBACTER",2022,"NY",709,8656976,2022
"CAMPYLOBACTER",2022,"OR",975,8480274,2022
"CAMPYLOBACTER",2022,"TN",975,14102678,2022
"CAMPYLOBACTER",2023,"CA",906,7188800,2023
"CAMPYLOBACTER",2023,"CO",1639,6504710,2023
"CAMPYLOBACTER",2023,"CT",822,NA,2023
"CAMPYLOBACTER",2023,"GA",1604,21825752,2023
"CAMPYLOBACTER",2023,"MD",1245,12329320,2023
"CAMPYLOBACTER",2023,"MN",1829,11434368,2023
"CAMPYLOBACTER",2023,"NM",484,4226688,2023
"CAMPYLOBACTER",2023,"NY",861,8656976,2023
"CAMPYLOBACTER",2023,"OR",1105,8480274,2023
"CAMPYLOBACTER",2023,"TN",1291,14102678,2023
"LISTERIA",1996,"CA",11,2087032,1996
"LISTERIA",1996,"CT",15,1622809,1996
"LISTERIA",1996,"GA",12,2720443,1996
"LISTERIA",1996,"MN",9,4647723,1996
"LISTERIA",1996,"OR",14,3195087,1996
"LISTERIA",1997,"CA",13,4751094.83333333,1997
"LISTERIA",1997,"CT",11,5721997,1997
"LISTERIA",1997,"GA",18,3632206,1997
"LISTERIA",1997,"MN",17,9375452,1997
"LISTERIA",1997,"OR",11,4864881,1997
"LISTERIA",1998,"CA",11,5203582,1998
"LISTERIA",1998,"CT",27,6545126,1998
"LISTERIA",1998,"GA",18,7488044,1998
"LISTERIA",1998,"MD",11,4882558,1998
"LISTERIA",1998,"MN",17,9452822,1998
"LISTERIA",1998,"NY",8,2210124,1998
"LISTERIA",1998,"OR",16,6564110,1998
"LISTERIA",1999,"CA",12,5257859,1999
"LISTERIA",1999,"CT",25,6564062,1999
"LISTERIA",1999,"GA",24,15576480,1999
"LISTERIA",1999,"MD",12,4901132,1999
"LISTERIA",1999,"MN",14,9551016,1999
"LISTERIA",1999,"NY",6,4168906,1999
"LISTERIA",1999,"OR",12,6632308,1999
"LISTERIA",2000,"CA",12,6361070,2000
"LISTERIA",2000,"CT",18,6823554,2000
"LISTERIA",2000,"GA",20,16454606,2000
"LISTERIA",2000,"MD",10,5034390,2000
"LISTERIA",2000,"MN",7,9867384,2000
"LISTERIA",2000,"NY",20,4230114,2000
"LISTERIA",2000,"OR",6,6859416,2000
"LISTERIA",2000,"TN",8,5652762,2000
"LISTERIA",2001,"CA",14,6442602,2001
"LISTERIA",2001,"CO",4,4299626,2001
"LISTERIA",2001,"CT",15,6865670,2001
"LISTERIA",2001,"GA",16,16754076,2001
"LISTERIA",2001,"MD",14,8486684,2001
"LISTERIA",2001,"MN",4,9965592,2001
"LISTERIA",2001,"NY",7,4239942,2001
"LISTERIA",2001,"OR",11,6935874,2001
"LISTERIA",2001,"TN",5,5705808,2001
"LISTERIA",2002,"CA",11,6429382,2002
"LISTERIA",2002,"CO",3,4989018,2002
"LISTERIA",2002,"CT",16,6917498,2002
"LISTERIA",2002,"GA",13,17016512,2002
"LISTERIA",2002,"MD",21,10880778,2002
"LISTERIA",2002,"MN",4,10037870,2002
"LISTERIA",2002,"NY",15,6665478,2002
"LISTERIA",2002,"OR",7,7026848,2002
"LISTERIA",2002,"TN",3,5757746,2002
"LISTERIA",2003,"CA",13,6415708,2003
"LISTERIA",2003,"CO",6,5023214,2003
"LISTERIA",2003,"CT",22,6968672,2003
"LISTERIA",2003,"GA",31,17245586,2003
"LISTERIA",2003,"MD",28,10992538,2003
"LISTERIA",2003,"MN",5,10107144,2003
"LISTERIA",2003,"NY",10,7963460,2003
"LISTERIA",2003,"OR",5,7094752,2003
"LISTERIA",2003,"TN",9,11695624,2003
"LISTERIA",2004,"CA",15,6398940,2004
"LISTERIA",2004,"CO",9,5065078,2004
"LISTERIA",2004,"CT",18,6992188,2004
"LISTERIA",2004,"GA",15,17538504,2004
"LISTERIA",2004,"MD",16,11093870,2004
"LISTERIA",2004,"MN",4,10175426,2004
"LISTERIA",2004,"NM",2,3807616,2004
"LISTERIA",2004,"NY",15,8656194,2004
"LISTERIA",2004,"OR",5,7138926,2004
"LISTERIA",2004,"TN",16,11821618,2004
"LISTERIA",2005,"CA",10,6407148,2005
"LISTERIA",2005,"CO",2,5121288,2005
"LISTERIA",2005,"CT",19,7013912,2005
"LISTERIA",2005,"GA",22,17851844,2005
"LISTERIA",2005,"MD",19,11184758,2005
"LISTERIA",2005,"MN",15,10239196,2005
"LISTERIA",2005,"NM",4,3864548,2005
"LISTERIA",2005,"NY",17,8641706,2005
"LISTERIA",2005,"OR",11,7226404,2005
"LISTERIA",2005,"TN",12,11982114,2005
"LISTERIA",2006,"CA",9,6427936,2006
"LISTERIA",2006,"CO",5,5211718,2006
"LISTERIA",2006,"CT",17,7034920,2006
"LISTERIA",2006,"GA",17,18311626,2006
"LISTERIA",2006,"MD",28,11254734,2006
"LISTERIA",2006,"MN",5,10327110,2006
"LISTERIA",2006,"NM",5,3924274,2006
"LISTERIA",2006,"NY",20,8637430,2006
"LISTERIA",2006,"OR",11,7341766,2006
"LISTERIA",2006,"TN",11,12177532,2006
"LISTERIA",2007,"CA",8,6487080,2007
"LISTERIA",2007,"CO",9,5306444,2007
"LISTERIA",2007,"CT",11,7054540,2007
"LISTERIA",2007,"GA",29,18699976,2007
"LISTERIA",2007,"MD",14,11306816,2007
"LISTERIA",2007,"MN",6,10414406,2007
"LISTERIA",2007,"NM",4,3980140,2007
"LISTERIA",2007,"NY",10,8638580,2007
"LISTERIA",2007,"OR",9,7444834,2007
"LISTERIA",2007,"TN",16,12351454,2007
"LISTERIA",2008,"CA",19,6583408,2008
"LISTERIA",2008,"CO",4,5403276,2008
"LISTERIA",2008,"CT",15,7091158,2008
"LISTERIA",2008,"GA",21,19009686,2008
"LISTERIA",2008,"MD",17,11369930,2008
"LISTERIA",2008,"MN",5,10494036,2008
"LISTERIA",2008,"NM",5,4021324,2008
"LISTERIA",2008,"NY",18,8646898,2008
"LISTERIA",2008,"OR",5,7537496,2008
"LISTERIA",2008,"TN",13,12494822,2008
"LISTERIA",2009,"CA",15,6676702,2009
"LISTERIA",2009,"CO",7,5498396,2009
"LISTERIA",2009,"CT",25,7123614,2009
"LISTERIA",2009,"GA",27,19241692,2009
"LISTERIA",2009,"MD",13,11460776,2009
"LISTERIA",2009,"MN",3,10562406,2009
"LISTERIA",2009,"NM",3,4073604,2009
"LISTERIA",2009,"NY",22,8652990,2009
"LISTERIA",2009,"OR",17,7617200,2009
"LISTERIA",2009,"TN",14,12612038,2009
"LISTERIA",2010,"CA",18,6742064,2010
"LISTERIA",2010,"CO",8,5591348,2010
"LISTERIA",2010,"CT",17,7158346,2010
"LISTERIA",2010,"GA",16,19424418,2010
"LISTERIA",2010,"MD",11,11577568,2010
"LISTERIA",2010,"MN",8,10621868,2010
"LISTERIA",2010,"NM",5,4129228,2010
"LISTERIA",2010,"NY",11,8658452,2010
"LISTERIA",2010,"OR",15,7675228,2010
"LISTERIA",2010,"TN",14,12711036,2010
"LISTERIA",2011,"CA",17,6823896,2011
"LISTERIA",2011,"CO",28,5699260,2011
"LISTERIA",2011,"CT",15,7177264,2011
"LISTERIA",2011,"GA",8,19607260,2011
"LISTERIA",2011,"MD",18,11680482,2011
"LISTERIA",2011,"MN",5,10693240,2011
"LISTERIA",2011,"NM",15,4161414,2011
"LISTERIA",2011,"NY",15,8657466,2011
"LISTERIA",2011,"OR",8,7745344,2011
"LISTERIA",2011,"TN",5,12800596,2011
"LISTERIA",2012,"CA",18,6920262,2012
"LISTERIA",2012,"CO",4,5803670,2012
"LISTERIA",2012,"CT",23,7190422,2012
"LISTERIA",2012,"GA",16,19807160,2012
"LISTERIA",2012,"MD",16,11776750,2012
"LISTERIA",2012,"MN",6,10755000,2012
"LISTERIA",2012,"NM",5,4175430,2012
"LISTERIA",2012,"NY",14,8651646,2012
"LISTERIA",2012,"OR",15,7800204,2012
"LISTERIA",2012,"TN",7,12911504,2012
"LISTERIA",2013,"CA",15,7024912,2013
"LISTERIA",2013,"CO",7,5913398,2013
"LISTERIA",2013,"CT",21,7191584,2013
"LISTERIA",2013,"GA",13,19951184,2013
"LISTERIA",2013,"MD",17,11850394,2013
"LISTERIA",2013,"MN",11,10829444,2013
"LISTERIA",2013,"NM",3,4185666,2013
"LISTERIA",2013,"NY",17,8644848,2013
"LISTERIA",2013,"OR",6,7848220,2013
"LISTERIA",2013,"TN",12,12993886,2013
"LISTERIA",2014,"CA",9,7134442,2014
"LISTERIA",2014,"CO",5,6024746,2014
"LISTERIA",2014,"CT",13,7191394,2014
"LISTERIA",2014,"GA",14,20142408,2014
"LISTERIA",2014,"MD",15,11920128,2014
"LISTERIA",2014,"MN",15,10905330,2014
"LISTERIA",2014,"NM",10,4180472,2014
"LISTERIA",2014,"NY",8,8629338,2014
"LISTERIA",2014,"OR",13,7930894,2014
"LISTERIA",2014,"TN",13,13089234,2014
"LISTERIA",2015,"CA",19,7243422,2015
"LISTERIA",2015,"CO",5,6152718,2015
"LISTERIA",2015,"CT",24,7177122,2015
"LISTERIA",2015,"GA",16,20366706,2015
"LISTERIA",2015,"MD",13,11977056,2015
"LISTERIA",2015,"MN",3,10968004,2015
"LISTERIA",2015,"NM",3,4180142,2015
"LISTERIA",2015,"NY",15,8604116,2015
"LISTERIA",2015,"OR",14,8037084,2015
"LISTERIA",2015,"TN",8,13190708,2015
"LISTERIA",2016,"CA",10,7318734,2016
"LISTERIA",2016,"CO",8,6244946,2016
"LISTERIA",2016,"CT",14,7159660,2016
"LISTERIA",2016,"GA",18,20616884,2016
"LISTERIA",2016,"MD",23,12014028,2016
"LISTERIA",2016,"MN",8,11050720,2016
"LISTERIA",2016,"NM",3,4185110,2016
"LISTERIA",2016,"NY",17,8580286,2016
"LISTERIA",2016,"OR",14,8186542,2016
"LISTERIA",2016,"TN",12,13302554,2016
"LISTERIA",2017,"CA",19,7365836,2017
"LISTERIA",2017,"CO",7,6314826,2017
"LISTERIA",2017,"CT",18,7150648,2017
"LISTERIA",2017,"GA",32,20834062,2017
"LISTERIA",2017,"MD",28,12056372,2017
"LISTERIA",2017,"MN",16,11138566,2017
"LISTERIA",2017,"NM",2,4185688,2017
"LISTERIA",2017,"NY",14,8568618,2017
"LISTERIA",2017,"OR",14,8294588,2017
"LISTERIA",2017,"TN",12,13429496,2017
"LISTERIA",2018,"CA",8,7394224,2018
"LISTERIA",2018,"CO",6,6397792,2018
"LISTERIA",2018,"CT",18,7149122,2018
"LISTERIA",2018,"GA",28,21038778,2018
"LISTERIA",2018,"MD",16,12084306,2018
"LISTERIA",2018,"MN",6,11217524,2018
"LISTERIA",2018,"NM",4,4187508,2018
"LISTERIA",2018,"NY",20,8559336,2018
"LISTERIA",2018,"OR",10,8367076,2018
"LISTERIA",2018,"TN",15,13556360,2018
"LISTERIA",2019,"CA",10,7400242,2019
"LISTERIA",2019,"CO",9,6458826,2019
"LISTERIA",2019,"CT",13,7132044,2019
"LISTERIA",2019,"GA",22,21256040,2019
"LISTERIA",2019,"MD",8,12109908,2019
"LISTERIA",2019,"MN",15,11280106,2019
"LISTERIA",2019,"NM",0,4199268,2019
"LISTERIA",2019,"NY",26,8531148,2019
"LISTERIA",2019,"OR",11,8432232,2019
"LISTERIA",2019,"TN",21,13660650,2019
"LISTERIA",2020,"CA",11,7433518,2020
"LISTERIA",2020,"CO",7,6484002,2020
"LISTERIA",2020,"CT",10,NA,2020
"LISTERIA",2020,"GA",19,21459656,2020
"LISTERIA",2020,"MD",12,12346410,2020
"LISTERIA",2020,"MN",16,11419704,2020
"LISTERIA",2020,"NM",2,4236780,2020
"LISTERIA",2020,"NY",15,8686056,2020
"LISTERIA",2020,"OR",8,8489590,2020
"LISTERIA",2020,"TN",8,13851238,2020
"LISTERIA",2021,"CA",12,7236776,2021
"LISTERIA",2021,"CO",8,6489346,2021
"LISTERIA",2021,"CT",18,NA,2021
"LISTERIA",2021,"GA",36,21576058,2021
"LISTERIA",2021,"MD",24,12349220,2021
"LISTERIA",2021,"MN",13,11422942,2021
"LISTERIA",2021,"NM",3,4233354,2021
"LISTERIA",2021,"NY",16,8697126,2021
"LISTERIA",2021,"OR",15,8512602,2021
"LISTERIA",2021,"TN",17,13936702,2021
"LISTERIA",2022,"CA",10,7188800,2022
"LISTERIA",2022,"CO",7,6504710,2022
"LISTERIA",2022,"CT",15,NA,2022
"LISTERIA",2022,"GA",29,21825752,2022
"LISTERIA",2022,"MD",21,12329320,2022
"LISTERIA",2022,"MN",12,11434368,2022
"LISTERIA",2022,"NM",2,4226688,2022
"LISTERIA",2022,"NY",13,8656976,2022
"LISTERIA",2022,"OR",10,8480274,2022
"LISTERIA",2022,"TN",21,14102678,2022
"LISTERIA",2023,"CA",11,7188800,2023
"LISTERIA",2023,"CO",7,6504710,2023
"LISTERIA",2023,"CT",16,NA,2023
"LISTERIA",2023,"GA",27,21825752,2023
"LISTERIA",2023,"MD",16,12329320,2023
"LISTERIA",2023,"MN",9,11434368,2023
"LISTERIA",2023,"NM",5,4226688,2023
"LISTERIA",2023,"NY",17,8656976,2023
"LISTERIA",2023,"OR",11,8480274,2023
"LISTERIA",2023,"TN",22,14102678,2023
"SALMONELLA",1996,"CA",376,2087032,1996
"SALMONELLA",1996,"CT",284,1622809,1996
"SALMONELLA",1996,"GA",384,2720443,1996
"SALMONELLA",1996,"MN",644,4647723,1996
"SALMONELLA",1996,"OR",376,3195087,1996
"SALMONELLA",1997,"CA",363,4751094.83333333,1997
"SALMONELLA",1997,"CT",416,5721997,1997
"SALMONELLA",1997,"GA",466,3632206,1997
"SALMONELLA",1997,"MN",616,9375452,1997
"SALMONELLA",1997,"OR",325,4864881,1997
"SALMONELLA",1998,"CA",330,5203582,1998
"SALMONELLA",1998,"CT",486,6545126,1998
"SALMONELLA",1998,"GA",500,7488044,1998
"SALMONELLA",1998,"MD",438,4882558,1998
"SALMONELLA",1998,"MN",580,9452822,1998
"SALMONELLA",1998,"NY",188,2210124,1998
"SALMONELLA",1998,"OR",298,6564110,1998
"SALMONELLA",1999,"CA",317,5257859,1999
"SALMONELLA",1999,"CT",533,6564062,1999
"SALMONELLA",1999,"GA",1566,15576480,1999
"SALMONELLA",1999,"MD",434,4901132,1999
"SALMONELLA",1999,"MN",622,9551016,1999
"SALMONELLA",1999,"NY",266,4168906,1999
"SALMONELLA",1999,"OR",417,6632308,1999
"SALMONELLA",2000,"CA",460,6361070,2000
"SALMONELLA",2000,"CT",418,6823554,2000
"SALMONELLA",2000,"GA",1474,16454606,2000
"SALMONELLA",2000,"MD",382,5034390,2000
"SALMONELLA",2000,"MN",612,9867384,2000
"SALMONELLA",2000,"NY",254,4230114,2000
"SALMONELLA",2000,"OR",293,6859416,2000
"SALMONELLA",2000,"TN",422,5652762,2000
"SALMONELLA",2001,"CA",480,6442602,2001
"SALMONELLA",2001,"CO",317,4299626,2001
"SALMONELLA",2001,"CT",454,6865670,2001
"SALMONELLA",2001,"GA",1675,16754076,2001
"SALMONELLA",2001,"MD",622,8486684,2001
"SALMONELLA",2001,"MN",693,9965592,2001
"SALMONELLA",2001,"NY",271,4239942,2001
"SALMONELLA",2001,"OR",290,6935874,2001
"SALMONELLA",2001,"TN",438,5705808,2001
"SALMONELLA",2002,"CA",521,6429382,2002
"SALMONELLA",2002,"CO",323,4989018,2002
"SALMONELLA",2002,"CT",457,6917498,2002
"SALMONELLA",2002,"GA",1900,17016512,2002
"SALMONELLA",2002,"MD",943,10880778,2002
"SALMONELLA",2002,"MN",593,10037870,2002
"SALMONELLA",2002,"NY",531,6665478,2002
"SALMONELLA",2002,"OR",327,7026848,2002
"SALMONELLA",2002,"TN",554,5757746,2002
"SALMONELLA",2003,"CA",474,6415708,2003
"SALMONELLA",2003,"CO",249,5023214,2003
"SALMONELLA",2003,"CT",401,6968672,2003
"SALMONELLA",2003,"GA",2013,17245586,2003
"SALMONELLA",2003,"MD",796,10992538,2003
"SALMONELLA",2003,"MN",579,10107144,2003
"SALMONELLA",2003,"NY",395,7963460,2003
"SALMONELLA",2003,"OR",378,7094752,2003
"SALMONELLA",2003,"TN",753,11695624,2003
"SALMONELLA",2004,"CA",481,6398940,2004
"SALMONELLA",2004,"CO",324,5065078,2004
"SALMONELLA",2004,"CT",462,6992188,2004
"SALMONELLA",2004,"GA",1921,17538504,2004
"SALMONELLA",2004,"MD",792,11093870,2004
"SALMONELLA",2004,"MN",643,10175426,2004
"SALMONELLA",2004,"NM",281,3807616,2004
"SALMONELLA",2004,"NY",449,8656194,2004
"SALMONELLA",2004,"OR",370,7138926,2004
"SALMONELLA",2004,"TN",775,11821618,2004
"SALMONELLA",2005,"CA",467,6407148,2005
"SALMONELLA",2005,"CO",341,5121288,2005
"SALMONELLA",2005,"CT",468,7013912,2005
"SALMONELLA",2005,"GA",1928,17851844,2005
"SALMONELLA",2005,"MD",791,11184758,2005
"SALMONELLA",2005,"MN",579,10239196,2005
"SALMONELLA",2005,"NM",252,3864548,2005
"SALMONELLA",2005,"NY",488,8641706,2005
"SALMONELLA",2005,"OR",376,7226404,2005
"SALMONELLA",2005,"TN",814,11982114,2005
"SALMONELLA",2006,"CA",486,6427936,2006
"SALMONELLA",2006,"CO",359,5211718,2006
"SALMONELLA",2006,"CT",506,7034920,2006
"SALMONELLA",2006,"GA",1841,18311626,2006
"SALMONELLA",2006,"MD",776,11254734,2006
"SALMONELLA",2006,"MN",725,10327110,2006
"SALMONELLA",2006,"NM",259,3924274,2006
"SALMONELLA",2006,"NY",495,8637430,2006
"SALMONELLA",2006,"OR",401,7341766,2006
"SALMONELLA",2006,"TN",841,12177532,2006
"SALMONELLA",2007,"CA",478,6487080,2007
"SALMONELLA",2007,"CO",317,5306444,2007
"SALMONELLA",2007,"CT",431,7054540,2007
"SALMONELLA",2007,"GA",2047,18699976,2007
"SALMONELLA",2007,"MD",870,11306816,2007
"SALMONELLA",2007,"MN",711,10414406,2007
"SALMONELLA",2007,"NM",283,3980140,2007
"SALMONELLA",2007,"NY",521,8638580,2007
"SALMONELLA",2007,"OR",320,7444834,2007
"SALMONELLA",2007,"TN",850,12351454,2007
"SALMONELLA",2008,"CA",479,6583408,2008
"SALMONELLA",2008,"CO",337,5403276,2008
"SALMONELLA",2008,"CT",494,7091158,2008
"SALMONELLA",2008,"GA",2285,19009686,2008
"SALMONELLA",2008,"MD",852,11369930,2008
"SALMONELLA",2008,"MN",755,10494036,2008
"SALMONELLA",2008,"NM",518,4021324,2008
"SALMONELLA",2008,"NY",433,8646898,2008
"SALMONELLA",2008,"OR",397,7537496,2008
"SALMONELLA",2008,"TN",909,12494822,2008
"SALMONELLA",2009,"CA",593,6676702,2009
"SALMONELLA",2009,"CO",324,5498396,2009
"SALMONELLA",2009,"CT",432,7123614,2009
"SALMONELLA",2009,"GA",2375,19241692,2009
"SALMONELLA",2009,"MD",756,11460776,2009
"SALMONELLA",2009,"MN",578,10562406,2009
"SALMONELLA",2009,"NM",334,4073604,2009
"SALMONELLA",2009,"NY",425,8652990,2009
"SALMONELLA",2009,"OR",415,7617200,2009
"SALMONELLA",2009,"TN",797,12612038,2009
"SALMONELLA",2010,"CA",602,6742064,2010
"SALMONELLA",2010,"CO",299,5591348,2010
"SALMONELLA",2010,"CT",492,7158346,2010
"SALMONELLA",2010,"GA",2806,19424418,2010
"SALMONELLA",2010,"MD",1021,11577568,2010
"SALMONELLA",2010,"MN",695,10621868,2010
"SALMONELLA",2010,"NM",341,4129228,2010
"SALMONELLA",2010,"NY",482,8658452,2010
"SALMONELLA",2010,"OR",457,7675228,2010
"SALMONELLA",2010,"TN",1079,12711036,2010
"SALMONELLA",2011,"CA",510,6823896,2011
"SALMONELLA",2011,"CO",271,5699260,2011
"SALMONELLA",2011,"CT",470,7177264,2011
"SALMONELLA",2011,"GA",2632,19607260,2011
"SALMONELLA",2011,"MD",995,11680482,2011
"SALMONELLA",2011,"MN",701,10693240,2011
"SALMONELLA",2011,"NM",343,4161414,2011
"SALMONELLA",2011,"NY",534,8657466,2011
"SALMONELLA",2011,"OR",346,7745344,2011
"SALMONELLA",2011,"TN",1013,12800596,2011
"SALMONELLA",2012,"CA",484,6920262,2012
"SALMONELLA",2012,"CO",264,5803670,2012
"SALMONELLA",2012,"CT",455,7190422,2012
"SALMONELLA",2012,"GA",2738,19807160,2012
"SALMONELLA",2012,"MD",906,11776750,2012
"SALMONELLA",2012,"MN",780,10755000,2012
"SALMONELLA",2012,"NM",327,4175430,2012
"SALMONELLA",2012,"NY",501,8651646,2012
"SALMONELLA",2012,"OR",387,7800204,2012
"SALMONELLA",2012,"TN",1110,12911504,2012
"SALMONELLA",2013,"CA",586,7024912,2013
"SALMONELLA",2013,"CO",323,5913398,2013
"SALMONELLA",2013,"CT",446,7191584,2013
"SALMONELLA",2013,"GA",2324,19951184,2013
"SALMONELLA",2013,"MD",829,11850394,2013
"SALMONELLA",2013,"MN",811,10829444,2013
"SALMONELLA",2013,"NM",350,4185666,2013
"SALMONELLA",2013,"NY",451,8644848,2013
"SALMONELLA",2013,"OR",364,7848220,2013
"SALMONELLA",2013,"TN",906,12993886,2013
"SALMONELLA",2014,"CA",648,7134442,2014
"SALMONELLA",2014,"CO",334,6024746,2014
"SALMONELLA",2014,"CT",464,7191394,2014
"SALMONELLA",2014,"GA",2247,20142408,2014
"SALMONELLA",2014,"MD",897,11920128,2014
"SALMONELLA",2014,"MN",722,10905330,2014
"SALMONELLA",2014,"NM",326,4180472,2014
"SALMONELLA",2014,"NY",503,8629338,2014
"SALMONELLA",2014,"OR",376,7930894,2014
"SALMONELLA",2014,"TN",1040,13089234,2014
"SALMONELLA",2015,"CA",701,7243422,2015
"SALMONELLA",2015,"CO",330,6152718,2015
"SALMONELLA",2015,"CT",458,7177122,2015
"SALMONELLA",2015,"GA",2343,20366706,2015
"SALMONELLA",2015,"MD",944,11977056,2015
"SALMONELLA",2015,"MN",976,10968004,2015
"SALMONELLA",2015,"NM",430,4180142,2015
"SALMONELLA",2015,"NY",486,8604116,2015
"SALMONELLA",2015,"OR",518,8037084,2015
"SALMONELLA",2015,"TN",957,13190708,2015
"SALMONELLA",2016,"CA",572,7318734,2016
"SALMONELLA",2016,"CO",377,6244946,2016
"SALMONELLA",2016,"CT",481,7159660,2016
"SALMONELLA",2016,"GA",2520,20616884,2016
"SALMONELLA",2016,"MD",900,12014028,2016
"SALMONELLA",2016,"MN",894,11050720,2016
"SALMONELLA",2016,"NM",337,4185110,2016
"SALMONELLA",2016,"NY",518,8580286,2016
"SALMONELLA",2016,"OR",460,8186542,2016
"SALMONELLA",2016,"TN",1155,13302554,2016
"SALMONELLA",2017,"CA",619,7365836,2017
"SALMONELLA",2017,"CO",388,6314826,2017
"SALMONELLA",2017,"CT",464,7150648,2017
"SALMONELLA",2017,"GA",2351,20834062,2017
"SALMONELLA",2017,"MD",903,12056372,2017
"SALMONELLA",2017,"MN",958,11138566,2017
"SALMONELLA",2017,"NM",352,4185688,2017
"SALMONELLA",2017,"NY",466,8568618,2017
"SALMONELLA",2017,"OR",476,8294588,2017
"SALMONELLA",2017,"TN",964,13429496,2017
"SALMONELLA",2018,"CA",636,7394224,2018
"SALMONELLA",2018,"CO",400,6397792,2018
"SALMONELLA",2018,"CT",509,7149122,2018
"SALMONELLA",2018,"GA",2937,21038778,2018
"SALMONELLA",2018,"MD",953,12084306,2018
"SALMONELLA",2018,"MN",1084,11217524,2018
"SALMONELLA",2018,"NM",412,4187508,2018
"SALMONELLA",2018,"NY",539,8559336,2018
"SALMONELLA",2018,"OR",548,8367076,2018
"SALMONELLA",2018,"TN",1118,13556360,2018
"SALMONELLA",2019,"CA",672,7400242,2019
"SALMONELLA",2019,"CO",388,6458826,2019
"SALMONELLA",2019,"CT",530,7132044,2019
"SALMONELLA",2019,"GA",2702,21256040,2019
"SALMONELLA",2019,"MD",1018,12109908,2019
"SALMONELLA",2019,"MN",854,11280106,2019
"SALMONELLA",2019,"NM",362,4199268,2019
"SALMONELLA",2019,"NY",496,8531148,2019
"SALMONELLA",2019,"OR",455,8432232,2019
"SALMONELLA",2019,"TN",1118,13660650,2019
"SALMONELLA",2020,"CA",411,7433518,2020
"SALMONELLA",2020,"CO",263,6484002,2020
"SALMONELLA",2020,"CT",355,NA,2020
"SALMONELLA",2020,"GA",2299,21459656,2020
"SALMONELLA",2020,"MD",715,12346410,2020
"SALMONELLA",2020,"MN",713,11419704,2020
"SALMONELLA",2020,"NM",298,4236780,2020
"SALMONELLA",2020,"NY",471,8686056,2020
"SALMONELLA",2020,"OR",388,8489590,2020
"SALMONELLA",2020,"TN",812,13851238,2020
"SALMONELLA",2021,"CA",396,7236776,2021
"SALMONELLA",2021,"CO",544,6489346,2021
"SALMONELLA",2021,"CT",439,NA,2021
"SALMONELLA",2021,"GA",2137,21576058,2021
"SALMONELLA",2021,"MD",818,12349220,2021
"SALMONELLA",2021,"MN",1024,11422942,2021
"SALMONELLA",2021,"NM",387,4233354,2021
"SALMONELLA",2021,"NY",458,8697126,2021
"SALMONELLA",2021,"OR",320,8512602,2021
"SALMONELLA",2021,"TN",804,13936702,2021
"SALMONELLA",2022,"CA",556,7188800,2022
"SALMONELLA",2022,"CO",473,6504710,2022
"SALMONELLA",2022,"CT",464,NA,2022
"SALMONELLA",2022,"GA",2230,21825752,2022
"SALMONELLA",2022,"MD",873,12329320,2022
"SALMONELLA",2022,"MN",1045,11434368,2022
"SALMONELLA",2022,"NM",470,4226688,2022
"SALMONELLA",2022,"NY",759,8656976,2022
"SALMONELLA",2022,"OR",462,8480274,2022
"SALMONELLA",2022,"TN",949,14102678,2022
"SALMONELLA",2023,"CA",424,7188800,2023
"SALMONELLA",2023,"CO",881,6504710,2023
"SALMONELLA",2023,"CT",528,NA,2023
"SALMONELLA",2023,"GA",1740,21825752,2023
"SALMONELLA",2023,"MD",1071,12329320,2023
"SALMONELLA",2023,"MN",1062,11434368,2023
"SALMONELLA",2023,"NM",261,4226688,2023
"SALMONELLA",2023,"NY",583,8656976,2023
"SALMONELLA",2023,"OR",545,8480274,2023
"SALMONELLA",2023,"TN",983,14102678,2023
"SHIGELLA",1996,"CA",374,2087032,1996
"SHIGELLA",1996,"CT",107,1622809,1996
"SHIGELLA",1996,"GA",481,2720443,1996
"SHIGELLA",1996,"MN",167,4647723,1996
"SHIGELLA",1996,"OR",140,3195087,1996
"SHIGELLA",1997,"CA",289,4751094.83333333,1997
"SHIGELLA",1997,"CT",78,5721997,1997
"SHIGELLA",1997,"GA",590,3632206,1997
"SHIGELLA",1997,"MN",136,9375452,1997
"SHIGELLA",1997,"OR",176,4864881,1997
"SHIGELLA",1998,"CA",236,5203582,1998
"SHIGELLA",1998,"CT",72,6545126,1998
"SHIGELLA",1998,"GA",585,7488044,1998
"SHIGELLA",1998,"MD",56,4882558,1998
"SHIGELLA",1998,"MN",328,9452822,1998
"SHIGELLA",1998,"NY",48,2210124,1998
"SHIGELLA",1998,"OR",155,6564110,1998
"SHIGELLA",1999,"CA",210,5257859,1999
"SHIGELLA",1999,"CT",73,6564062,1999
"SHIGELLA",1999,"GA",241,15576480,1999
"SHIGELLA",1999,"MD",58,4901132,1999
"SHIGELLA",1999,"MN",254,9551016,1999
"SHIGELLA",1999,"NY",37,4168906,1999
"SHIGELLA",1999,"OR",93,6632308,1999
"SHIGELLA",2000,"CA",577,6361070,2000
"SHIGELLA",2000,"CT",69,6823554,2000
"SHIGELLA",2000,"GA",318,16454606,2000
"SHIGELLA",2000,"MD",82,5034390,2000
"SHIGELLA",2000,"MN",902,9867384,2000
"SHIGELLA",2000,"NY",22,4230114,2000
"SHIGELLA",2000,"OR",118,6859416,2000
"SHIGELLA",2000,"TN",262,5652762,2000
"SHIGELLA",2001,"CA",427,6442602,2001
"SHIGELLA",2001,"CO",144,4299626,2001
"SHIGELLA",2001,"CT",60,6865670,2001
"SHIGELLA",2001,"GA",714,16754076,2001
"SHIGELLA",2001,"MD",141,8486684,2001
"SHIGELLA",2001,"MN",493,9965592,2001
"SHIGELLA",2001,"NY",28,4239942,2001
"SHIGELLA",2001,"OR",112,6935874,2001
"SHIGELLA",2001,"TN",100,5705808,2001
"SHIGELLA",2002,"CA",367,6429382,2002
"SHIGELLA",2002,"CO",136,4989018,2002
"SHIGELLA",2002,"CT",104,6917498,2002
"SHIGELLA",2002,"GA",1831,17016512,2002
"SHIGELLA",2002,"MD",1167,10880778,2002
"SHIGELLA",2002,"MN",222,10037870,2002
"SHIGELLA",2002,"NY",50,6665478,2002
"SHIGELLA",2002,"OR",90,7026848,2002
"SHIGELLA",2002,"TN",146,5757746,2002
"SHIGELLA",2003,"CA",277,6415708,2003
"SHIGELLA",2003,"CO",235,5023214,2003
"SHIGELLA",2003,"CT",70,6968672,2003
"SHIGELLA",2003,"GA",1145,17245586,2003
"SHIGELLA",2003,"MD",466,10992538,2003
"SHIGELLA",2003,"MN",103,10107144,2003
"SHIGELLA",2003,"NY",238,7963460,2003
"SHIGELLA",2003,"OR",104,7094752,2003
"SHIGELLA",2003,"TN",401,11695624,2003
"SHIGELLA",2004,"CA",228,6398940,2004
"SHIGELLA",2004,"CO",96,5065078,2004
"SHIGELLA",2004,"CT",68,6992188,2004
"SHIGELLA",2004,"GA",645,17538504,2004
"SHIGELLA",2004,"MD",143,11093870,2004
"SHIGELLA",2004,"MN",67,10175426,2004
"SHIGELLA",2004,"NM",140,3807616,2004
"SHIGELLA",2004,"NY",213,8656194,2004
"SHIGELLA",2004,"OR",78,7138926,2004
"SHIGELLA",2004,"TN",570,11821618,2004
"SHIGELLA",2005,"CA",283,6407148,2005
"SHIGELLA",2005,"CO",101,5121288,2005
"SHIGELLA",2005,"CT",58,7013912,2005
"SHIGELLA",2005,"GA",668,17851844,2005
"SHIGELLA",2005,"MD",99,11184758,2005
"SHIGELLA",2005,"MN",96,10239196,2005
"SHIGELLA",2005,"NM",133,3864548,2005
"SHIGELLA",2005,"NY",66,8641706,2005
"SHIGELLA",2005,"OR",85,7226404,2005
"SHIGELLA",2005,"TN",506,11982114,2005
"SHIGELLA",2006,"CA",244,6427936,2006
"SHIGELLA",2006,"CO",180,5211718,2006
"SHIGELLA",2006,"CT",67,7034920,2006
"SHIGELLA",2006,"GA",1375,18311626,2006
"SHIGELLA",2006,"MD",128,11254734,2006
"SHIGELLA",2006,"MN",259,10327110,2006
"SHIGELLA",2006,"NM",172,3924274,2006
"SHIGELLA",2006,"NY",48,8637430,2006
"SHIGELLA",2006,"OR",94,7341766,2006
"SHIGELLA",2006,"TN",198,12177532,2006
"SHIGELLA",2007,"CA",188,6487080,2007
"SHIGELLA",2007,"CO",79,5306444,2007
"SHIGELLA",2007,"CT",44,7054540,2007
"SHIGELLA",2007,"GA",1638,18699976,2007
"SHIGELLA",2007,"MD",109,11306816,2007
"SHIGELLA",2007,"MN",237,10414406,2007
"SHIGELLA",2007,"NM",107,3980140,2007
"SHIGELLA",2007,"NY",38,8638580,2007
"SHIGELLA",2007,"OR",66,7444834,2007
"SHIGELLA",2007,"TN",363,12351454,2007
"SHIGELLA",2008,"CA",159,6583408,2008
"SHIGELLA",2008,"CO",85,5403276,2008
"SHIGELLA",2008,"CT",40,7091158,2008
"SHIGELLA",2008,"GA",1103,19009686,2008
"SHIGELLA",2008,"MD",117,11369930,2008
"SHIGELLA",2008,"MN",311,10494036,2008
"SHIGELLA",2008,"NM",154,4021324,2008
"SHIGELLA",2008,"NY",33,8646898,2008
"SHIGELLA",2008,"OR",74,7537496,2008
"SHIGELLA",2008,"TN",967,12494822,2008
"SHIGELLA",2009,"CA",183,6676702,2009
"SHIGELLA",2009,"CO",65,5498396,2009
"SHIGELLA",2009,"CT",43,7123614,2009
"SHIGELLA",2009,"GA",653,19241692,2009
"SHIGELLA",2009,"MD",275,11460776,2009
"SHIGELLA",2009,"MN",79,10562406,2009
"SHIGELLA",2009,"NM",92,4073604,2009
"SHIGELLA",2009,"NY",46,8652990,2009
"SHIGELLA",2009,"OR",43,7617200,2009
"SHIGELLA",2009,"TN",375,12612038,2009
"SHIGELLA",2010,"CA",156,6742064,2010
"SHIGELLA",2010,"CO",57,5591348,2010
"SHIGELLA",2010,"CT",68,7158346,2010
"SHIGELLA",2010,"GA",787,19424418,2010
"SHIGELLA",2010,"MD",112,11577568,2010
"SHIGELLA",2010,"MN",66,10621868,2010
"SHIGELLA",2010,"NM",158,4129228,2010
"SHIGELLA",2010,"NY",62,8658452,2010
"SHIGELLA",2010,"OR",53,7675228,2010
"SHIGELLA",2010,"TN",260,12711036,2010
"SHIGELLA",2011,"CA",187,6823896,2011
"SHIGELLA",2011,"CO",50,5699260,2011
"SHIGELLA",2011,"CT",41,7177264,2011
"SHIGELLA",2011,"GA",665,19607260,2011
"SHIGELLA",2011,"MD",95,11680482,2011
"SHIGELLA",2011,"MN",87,10693240,2011
"SHIGELLA",2011,"NM",125,4161414,2011
"SHIGELLA",2011,"NY",43,8657466,2011
"SHIGELLA",2011,"OR",46,7745344,2011
"SHIGELLA",2011,"TN",202,12800596,2011
"SHIGELLA",2012,"CA",215,6920262,2012
"SHIGELLA",2012,"CO",56,5803670,2012
"SHIGELLA",2012,"CT",44,7190422,2012
"SHIGELLA",2012,"GA",698,19807160,2012
"SHIGELLA",2012,"MD",181,11776750,2012
"SHIGELLA",2012,"MN",391,10755000,2012
"SHIGELLA",2012,"NM",96,4175430,2012
"SHIGELLA",2012,"NY",211,8651646,2012
"SHIGELLA",2012,"OR",79,7800204,2012
"SHIGELLA",2012,"TN",216,12911504,2012
"SHIGELLA",2013,"CA",195,7024912,2013
"SHIGELLA",2013,"CO",103,5913398,2013
"SHIGELLA",2013,"CT",59,7191584,2013
"SHIGELLA",2013,"GA",953,19951184,2013
"SHIGELLA",2013,"MD",105,11850394,2013
"SHIGELLA",2013,"MN",133,10829444,2013
"SHIGELLA",2013,"NM",61,4185666,2013
"SHIGELLA",2013,"NY",68,8644848,2013
"SHIGELLA",2013,"OR",52,7848220,2013
"SHIGELLA",2013,"TN",782,12993886,2013
"SHIGELLA",2014,"CA",386,7134442,2014
"SHIGELLA",2014,"CO",55,6024746,2014
"SHIGELLA",2014,"CT",65,7191394,2014
"SHIGELLA",2014,"GA",1038,20142408,2014
"SHIGELLA",2014,"MD",248,11920128,2014
"SHIGELLA",2014,"MN",93,10905330,2014
"SHIGELLA",2014,"NM",63,4180472,2014
"SHIGELLA",2014,"NY",42,8629338,2014
"SHIGELLA",2014,"OR",45,7930894,2014
"SHIGELLA",2014,"TN",870,13089234,2014
"SHIGELLA",2015,"CA",488,7243422,2015
"SHIGELLA",2015,"CO",73,6152718,2015
"SHIGELLA",2015,"CT",77,7177122,2015
"SHIGELLA",2015,"GA",1547,20366706,2015
"SHIGELLA",2015,"MD",199,11977056,2015
"SHIGELLA",2015,"MN",296,10968004,2015
"SHIGELLA",2015,"NM",72,4180142,2015
"SHIGELLA",2015,"NY",43,8604116,2015
"SHIGELLA",2015,"OR",107,8037084,2015
"SHIGELLA",2015,"TN",273,13190708,2015
"SHIGELLA",2016,"CA",409,7318734,2016
"SHIGELLA",2016,"CO",175,6244946,2016
"SHIGELLA",2016,"CT",86,7159660,2016
"SHIGELLA",2016,"GA",871,20616884,2016
"SHIGELLA",2016,"MD",148,12014028,2016
"SHIGELLA",2016,"MN",596,11050720,2016
"SHIGELLA",2016,"NM",157,4185110,2016
"SHIGELLA",2016,"NY",77,8580286,2016
"SHIGELLA",2016,"OR",137,8186542,2016
"SHIGELLA",2016,"TN",280,13302554,2016
"SHIGELLA",2017,"CA",389,7365836,2017
"SHIGELLA",2017,"CO",129,6314826,2017
"SHIGELLA",2017,"CT",74,7150648,2017
"SHIGELLA",2017,"GA",536,20834062,2017
"SHIGELLA",2017,"MD",227,12056372,2017
"SHIGELLA",2017,"MN",145,11138566,2017
"SHIGELLA",2017,"NM",88,4185688,2017
"SHIGELLA",2017,"NY",134,8568618,2017
"SHIGELLA",2017,"OR",116,8294588,2017
"SHIGELLA",2017,"TN",303,13429496,2017
"SHIGELLA",2018,"CA",568,7394224,2018
"SHIGELLA",2018,"CO",172,6397792,2018
"SHIGELLA",2018,"CT",88,7149122,2018
"SHIGELLA",2018,"GA",582,21038778,2018
"SHIGELLA",2018,"MD",204,12084306,2018
"SHIGELLA",2018,"MN",241,11217524,2018
"SHIGELLA",2018,"NM",68,4187508,2018
"SHIGELLA",2018,"NY",78,8559336,2018
"SHIGELLA",2018,"OR",230,8367076,2018
"SHIGELLA",2018,"TN",225,13556360,2018
"SHIGELLA",2019,"CA",472,7400242,2019
"SHIGELLA",2019,"CO",185,6458826,2019
"SHIGELLA",2019,"CT",122,7132044,2019
"SHIGELLA",2019,"GA",607,21256040,2019
"SHIGELLA",2019,"MD",193,12109908,2019
"SHIGELLA",2019,"MN",295,11280106,2019
"SHIGELLA",2019,"NM",129,4199268,2019
"SHIGELLA",2019,"NY",83,8531148,2019
"SHIGELLA",2019,"OR",157,8432232,2019
"SHIGELLA",2019,"TN",186,13660650,2019
"SHIGELLA",2020,"CA",243,7433518,2020
"SHIGELLA",2020,"CO",171,6484002,2020
"SHIGELLA",2020,"CT",46,NA,2020
"SHIGELLA",2020,"GA",437,21459656,2020
"SHIGELLA",2020,"MD",107,12346410,2020
"SHIGELLA",2020,"MN",141,11419704,2020
"SHIGELLA",2020,"NM",58,4236780,2020
"SHIGELLA",2020,"NY",42,8686056,2020
"SHIGELLA",2020,"OR",177,8489590,2020
"SHIGELLA",2020,"TN",139,13851238,2020
"SHIGELLA",2021,"CA",374,7236776,2021
"SHIGELLA",2021,"CO",149,6489346,2021
"SHIGELLA",2021,"CT",93,NA,2021
"SHIGELLA",2021,"GA",386,21576058,2021
"SHIGELLA",2021,"MD",136,12349220,2021
"SHIGELLA",2021,"MN",220,11422942,2021
"SHIGELLA",2021,"NM",126,4233354,2021
"SHIGELLA",2021,"NY",43,8697126,2021
"SHIGELLA",2021,"OR",120,8512602,2021
"SHIGELLA",2021,"TN",131,13936702,2021
"SHIGELLA",2022,"CA",621,7188800,2022
"SHIGELLA",2022,"CO",225,6504710,2022
"SHIGELLA",2022,"CT",115,NA,2022
"SHIGELLA",2022,"GA",440,21825752,2022
"SHIGELLA",2022,"MD",246,12329320,2022
"SHIGELLA",2022,"MN",206,11434368,2022
"SHIGELLA",2022,"NM",246,4226688,2022
"SHIGELLA",2022,"NY",66,8656976,2022
"SHIGELLA",2022,"OR",177,8480274,2022
"SHIGELLA",2022,"TN",144,14102678,2022
"SHIGELLA",2023,"CA",442,7188800,2023
"SHIGELLA",2023,"CO",447,6504710,2023
"SHIGELLA",2023,"CT",172,NA,2023
"SHIGELLA",2023,"GA",534,21825752,2023
"SHIGELLA",2023,"MD",328,12329320,2023
"SHIGELLA",2023,"MN",270,11434368,2023
"SHIGELLA",2023,"NM",159,4226688,2023
"SHIGELLA",2023,"NY",149,8656976,2023
"SHIGELLA",2023,"OR",306,8480274,2023
"SHIGELLA",2023,"TN",216,14102678,2023
"STEC",1996,"CA",20,2087032,1996
"STEC",1996,"CT",37,1622809,1996
"STEC",1996,"GA",6,2720443,1996
"STEC",1996,"MN",240,4647723,1996
"STEC",1996,"OR",71,3195087,1996
"STEC",1997,"CA",17,4751094.83333333,1997
"STEC",1997,"CT",34,5721997,1997
"STEC",1997,"GA",7,3632206,1997
"STEC",1997,"MN",199,9375452,1997
"STEC",1997,"OR",80,4864881,1997
"STEC",1998,"CA",35,5203582,1998
"STEC",1998,"CT",56,6545126,1998
"STEC",1998,"GA",45,7488044,1998
"STEC",1998,"MD",23,4882558,1998
"STEC",1998,"MN",209,9452822,1998
"STEC",1998,"NY",22,2210124,1998
"STEC",1998,"OR",101,6564110,1998
"STEC",1999,"CA",23,5257859,1999
"STEC",1999,"CT",94,6564062,1999
"STEC",1999,"GA",39,15576480,1999
"STEC",1999,"MD",16,4901132,1999
"STEC",1999,"MN",174,9551016,1999
"STEC",1999,"NY",94,4168906,1999
"STEC",1999,"OR",62,6632308,1999
"STEC",2000,"CA",46,6361070,2000
"STEC",2000,"CT",97,6823554,2000
"STEC",2000,"GA",54,16454606,2000
"STEC",2000,"MD",17,5034390,2000
"STEC",2000,"MN",244,9867384,2000
"STEC",2000,"NY",74,4230114,2000
"STEC",2000,"OR",117,6859416,2000
"STEC",2000,"TN",31,5652762,2000
"STEC",2001,"CA",36,6442602,2001
"STEC",2001,"CO",41,4299626,2001
"STEC",2001,"CT",63,6865670,2001
"STEC",2001,"GA",53,16754076,2001
"STEC",2001,"MD",21,8486684,2001
"STEC",2001,"MN",245,9965592,2001
"STEC",2001,"NY",31,4239942,2001
"STEC",2001,"OR",81,6935874,2001
"STEC",2001,"TN",40,5705808,2001
"STEC",2002,"CA",45,6429382,2002
"STEC",2002,"CO",60,4989018,2002
"STEC",2002,"CT",62,6917498,2002
"STEC",2002,"GA",52,17016512,2002
"STEC",2002,"MD",32,10880778,2002
"STEC",2002,"MN",188,10037870,2002
"STEC",2002,"NY",56,6665478,2002
"STEC",2002,"OR",181,7026848,2002
"STEC",2002,"TN",25,5757746,2002
"STEC",2003,"CA",29,6415708,2003
"STEC",2003,"CO",39,5023214,2003
"STEC",2003,"CT",63,6968672,2003
"STEC",2003,"GA",29,17245586,2003
"STEC",2003,"MD",20,10992538,2003
"STEC",2003,"MN",155,10107144,2003
"STEC",2003,"NY",53,7963460,2003
"STEC",2003,"OR",89,7094752,2003
"STEC",2003,"TN",36,11695624,2003
"STEC",2004,"CA",25,6398940,2004
"STEC",2004,"CO",22,5065078,2004
"STEC",2004,"CT",55,6992188,2004
"STEC",2004,"GA",30,17538504,2004
"STEC",2004,"MD",32,11093870,2004
"STEC",2004,"MN",126,10175426,2004
"STEC",2004,"NM",18,3807616,2004
"STEC",2004,"NY",92,8656194,2004
"STEC",2004,"OR",62,7138926,2004
"STEC",2004,"TN",53,11821618,2004
"STEC",2005,"CA",33,6407148,2005
"STEC",2005,"CO",30,5121288,2005
"STEC",2005,"CT",63,7013912,2005
"STEC",2005,"GA",47,17851844,2005
"STEC",2005,"MD",51,11184758,2005
"STEC",2005,"MN",156,10239196,2005
"STEC",2005,"NM",21,3864548,2005
"STEC",2005,"NY",85,8641706,2005
"STEC",2005,"OR",74,7226404,2005
"STEC",2005,"TN",47,11982114,2005
"STEC",2006,"CA",48,6427936,2006
"STEC",2006,"CO",51,5211718,2006
"STEC",2006,"CT",75,7034920,2006
"STEC",2006,"GA",63,18311626,2006
"STEC",2006,"MD",90,11254734,2006
"STEC",2006,"MN",191,10327110,2006
"STEC",2006,"NM",43,3924274,2006
"STEC",2006,"NY",72,8637430,2006
"STEC",2006,"OR",92,7341766,2006
"STEC",2006,"TN",103,12177532,2006
"STEC",2007,"CA",49,6487080,2007
"STEC",2007,"CO",92,5306444,2007
"STEC",2007,"CT",72,7054540,2007
"STEC",2007,"GA",91,18699976,2007
"STEC",2007,"MD",59,11306816,2007
"STEC",2007,"MN",208,10414406,2007
"STEC",2007,"NM",35,3980140,2007
"STEC",2007,"NY",70,8638580,2007
"STEC",2007,"OR",78,7444834,2007
"STEC",2007,"TN",85,12351454,2007
"STEC",2008,"CA",38,6583408,2008
"STEC",2008,"CO",109,5403276,2008
"STEC",2008,"CT",46,7091158,2008
"STEC",2008,"GA",72,19009686,2008
"STEC",2008,"MD",89,11369930,2008
"STEC",2008,"MN",181,10494036,2008
"STEC",2008,"NM",45,4021324,2008
"STEC",2008,"NY",68,8646898,2008
"STEC",2008,"OR",61,7537496,2008
"STEC",2008,"TN",66,12494822,2008
"STEC",2009,"CA",43,6676702,2009
"STEC",2009,"CO",105,5498396,2009
"STEC",2009,"CT",67,7123614,2009
"STEC",2009,"GA",53,19241692,2009
"STEC",2009,"MD",58,11460776,2009
"STEC",2009,"MN",208,10562406,2009
"STEC",2009,"NM",36,4073604,2009
"STEC",2009,"NY",47,8652990,2009
"STEC",2009,"OR",77,7617200,2009
"STEC",2009,"TN",61,12612038,2009
"STEC",2010,"CA",39,6742064,2010
"STEC",2010,"CO",116,5591348,2010
"STEC",2010,"CT",57,7158346,2010
"STEC",2010,"GA",89,19424418,2010
"STEC",2010,"MD",58,11577568,2010
"STEC",2010,"MN",246,10621868,2010
"STEC",2010,"NM",45,4129228,2010
"STEC",2010,"NY",72,8658452,2010
"STEC",2010,"OR",103,7675228,2010
"STEC",2010,"TN",85,12711036,2010
"STEC",2011,"CA",65,6823896,2011
"STEC",2011,"CO",97,5699260,2011
"STEC",2011,"CT",44,7177264,2011
"STEC",2011,"GA",122,19607260,2011
"STEC",2011,"MD",70,11680482,2011
"STEC",2011,"MN",248,10693240,2011
"STEC",2011,"NM",46,4161414,2011
"STEC",2011,"NY",74,8657466,2011
"STEC",2011,"OR",128,7745344,2011
"STEC",2011,"TN",105,12800596,2011
"STEC",2012,"CA",75,6920262,2012
"STEC",2012,"CO",105,5803670,2012
"STEC",2012,"CT",62,7190422,2012
"STEC",2012,"GA",193,19807160,2012
"STEC",2012,"MD",93,11776750,2012
"STEC",2012,"MN",261,10755000,2012
"STEC",2012,"NM",65,4175430,2012
"STEC",2012,"NY",143,8651646,2012
"STEC",2012,"OR",171,7800204,2012
"STEC",2012,"TN",168,12911504,2012
"STEC",2013,"CA",108,7024912,2013
"STEC",2013,"CO",118,5913398,2013
"STEC",2013,"CT",78,7191584,2013
"STEC",2013,"GA",196,19951184,2013
"STEC",2013,"MD",94,11850394,2013
"STEC",2013,"MN",308,10829444,2013
"STEC",2013,"NM",32,4185666,2013
"STEC",2013,"NY",113,8644848,2013
"STEC",2013,"OR",172,7848220,2013
"STEC",2013,"TN",154,12993886,2013
"STEC",2014,"CA",134,7134442,2014
"STEC",2014,"CO",111,6024746,2014
"STEC",2014,"CT",74,7191394,2014
"STEC",2014,"GA",129,20142408,2014
"STEC",2014,"MD",129,11920128,2014
"STEC",2014,"MN",330,10905330,2014
"STEC",2014,"NM",64,4180472,2014
"STEC",2014,"NY",95,8629338,2014
"STEC",2014,"OR",172,7930894,2014
"STEC",2014,"TN",184,13089234,2014
"STEC",2015,"CA",236,7243422,2015
"STEC",2015,"CO",142,6152718,2015
"STEC",2015,"CT",131,7177122,2015
"STEC",2015,"GA",223,20366706,2015
"STEC",2015,"MD",155,11977056,2015
"STEC",2015,"MN",266,10968004,2015
"STEC",2015,"NM",49,4180142,2015
"STEC",2015,"NY",117,8604116,2015
"STEC",2015,"OR",244,8037084,2015
"STEC",2015,"TN",221,13190708,2015
"STEC",2016,"CA",263,7318734,2016
"STEC",2016,"CO",182,6244946,2016
"STEC",2016,"CT",202,7159660,2016
"STEC",2016,"GA",374,20616884,2016
"STEC",2016,"MD",215,12014028,2016
"STEC",2016,"MN",409,11050720,2016
"STEC",2016,"NM",89,4185110,2016
"STEC",2016,"NY",154,8580286,2016
"STEC",2016,"OR",265,8186542,2016
"STEC",2016,"TN",296,13302554,2016
"STEC",2017,"CA",291,7365836,2017
"STEC",2017,"CO",222,6314826,2017
"STEC",2017,"CT",128,7150648,2017
"STEC",2017,"GA",367,20834062,2017
"STEC",2017,"MD",200,12056372,2017
"STEC",2017,"MN",533,11138566,2017
"STEC",2017,"NM",106,4185688,2017
"STEC",2017,"NY",128,8568618,2017
"STEC",2017,"OR",291,8294588,2017
"STEC",2017,"TN",323,13429496,2017
"STEC",2018,"CA",274,7394224,2018
"STEC",2018,"CO",226,6397792,2018
"STEC",2018,"CT",139,7149122,2018
"STEC",2018,"GA",464,21038778,2018
"STEC",2018,"MD",254,12084306,2018
"STEC",2018,"MN",607,11217524,2018
"STEC",2018,"NM",122,4187508,2018
"STEC",2018,"NY",168,8559336,2018
"STEC",2018,"OR",297,8367076,2018
"STEC",2018,"TN",364,13556360,2018
"STEC",2019,"CA",352,7400242,2019
"STEC",2019,"CO",285,6458826,2019
"STEC",2019,"CT",134,7132044,2019
"STEC",2019,"GA",479,21256040,2019
"STEC",2019,"MD",234,12109908,2019
"STEC",2019,"MN",693,11280106,2019
"STEC",2019,"NM",119,4199268,2019
"STEC",2019,"NY",176,8531148,2019
"STEC",2019,"OR",303,8432232,2019
"STEC",2019,"TN",369,13660650,2019
"STEC",2020,"CA",159,7433518,2020
"STEC",2020,"CO",129,6484002,2020
"STEC",2020,"CT",82,NA,2020
"STEC",2020,"GA",285,21459656,2020
"STEC",2020,"MD",134,12346410,2020
"STEC",2020,"MN",415,11419704,2020
"STEC",2020,"NM",75,4236780,2020
"STEC",2020,"NY",123,8686056,2020
"STEC",2020,"OR",201,8489590,2020
"STEC",2020,"TN",227,13851238,2020
"STEC",2021,"CA",229,7236776,2021
"STEC",2021,"CO",213,6489346,2021
"STEC",2021,"CT",119,NA,2021
"STEC",2021,"GA",373,21576058,2021
"STEC",2021,"MD",244,12349220,2021
"STEC",2021,"MN",585,11422942,2021
"STEC",2021,"NM",109,4233354,2021
"STEC",2021,"NY",173,8697126,2021
"STEC",2021,"OR",276,8512602,2021
"STEC",2021,"TN",267,13936702,2021
"STEC",2022,"CA",333,7188800,2022
"STEC",2022,"CO",262,6504710,2022
"STEC",2022,"CT",145,NA,2022
"STEC",2022,"GA",366,21825752,2022
"STEC",2022,"MD",303,12329320,2022
"STEC",2022,"MN",705,11434368,2022
"STEC",2022,"NM",96,4226688,2022
"STEC",2022,"NY",149,8656976,2022
"STEC",2022,"OR",263,8480274,2022
"STEC",2022,"TN",270,14102678,2022
"STEC",2023,"CA",221,7188800,2023
"STEC",2023,"CO",593,6504710,2023
"STEC",2023,"CT",153,NA,2023
"STEC",2023,"GA",434,21825752,2023
"STEC",2023,"MD",435,12329320,2023
"STEC",2023,"MN",697,11434368,2023
"STEC",2023,"NM",66,4226688,2023
"STEC",2023,"NY",196,8656976,2023
"STEC",2023,"OR",313,8480274,2023
"STEC",2023,"TN",321,14102678,2023
"STEC NONO157",1996,"CA",0,2087032,1996
"STEC NONO157",1996,"CT",0,1622809,1996
"STEC NONO157",1996,"GA",0,2720443,1996
"STEC NONO157",1996,"MN",0,4647723,1996
"STEC NONO157",1996,"OR",0,3195087,1996
"STEC NONO157",1997,"CA",0,4751094.83333333,1997
"STEC NONO157",1997,"CT",0,5721997,1997
"STEC NONO157",1997,"GA",0,3632206,1997
"STEC NONO157",1997,"MN",0,9375452,1997
"STEC NONO157",1997,"OR",0,4864881,1997
"STEC NONO157",1998,"CA",0,5203582,1998
"STEC NONO157",1998,"CT",0,6545126,1998
"STEC NONO157",1998,"GA",0,7488044,1998
"STEC NONO157",1998,"MD",0,4882558,1998
"STEC NONO157",1998,"MN",0,9452822,1998
"STEC NONO157",1998,"NY",0,2210124,1998
"STEC NONO157",1998,"OR",0,6564110,1998
"STEC NONO157",1999,"CA",0,5257859,1999
"STEC NONO157",1999,"CT",0,6564062,1999
"STEC NONO157",1999,"GA",0,15576480,1999
"STEC NONO157",1999,"MD",0,4901132,1999
"STEC NONO157",1999,"MN",0,9551016,1999
"STEC NONO157",1999,"NY",0,4168906,1999
"STEC NONO157",1999,"OR",0,6632308,1999
"STEC NONO157",2000,"CA",0,6361070,2000
"STEC NONO157",2000,"CT",11,6823554,2000
"STEC NONO157",2000,"GA",1,16454606,2000
"STEC NONO157",2000,"MD",1,5034390,2000
"STEC NONO157",2000,"MN",21,9867384,2000
"STEC NONO157",2000,"NY",0,4230114,2000
"STEC NONO157",2000,"OR",1,6859416,2000
"STEC NONO157",2000,"TN",1,5652762,2000
"STEC NONO157",2001,"CA",0,6442602,2001
"STEC NONO157",2001,"CO",4,4299626,2001
"STEC NONO157",2001,"CT",22,6865670,2001
"STEC NONO157",2001,"GA",4,16754076,2001
"STEC NONO157",2001,"MD",0,8486684,2001
"STEC NONO157",2001,"MN",24,9965592,2001
"STEC NONO157",2001,"NY",0,4239942,2001
"STEC NONO157",2001,"OR",4,6935874,2001
"STEC NONO157",2001,"TN",0,5705808,2001
"STEC NONO157",2002,"CA",0,6429382,2002
"STEC NONO157",2002,"CO",0,4989018,2002
"STEC NONO157",2002,"CT",15,6917498,2002
"STEC NONO157",2002,"GA",4,17016512,2002
"STEC NONO157",2002,"MD",0,10880778,2002
"STEC NONO157",2002,"MN",12,10037870,2002
"STEC NONO157",2002,"NY",0,6665478,2002
"STEC NONO157",2002,"OR",4,7026848,2002
"STEC NONO157",2002,"TN",0,5757746,2002
"STEC NONO157",2003,"CA",0,6415708,2003
"STEC NONO157",2003,"CO",2,5023214,2003
"STEC NONO157",2003,"CT",25,6968672,2003
"STEC NONO157",2003,"GA",2,17245586,2003
"STEC NONO157",2003,"MD",0,10992538,2003
"STEC NONO157",2003,"MN",12,10107144,2003
"STEC NONO157",2003,"NY",1,7963460,2003
"STEC NONO157",2003,"OR",3,7094752,2003
"STEC NONO157",2003,"TN",2,11695624,2003
"STEC NONO157",2004,"CA",0,6398940,2004
"STEC NONO157",2004,"CO",1,5065078,2004
"STEC NONO157",2004,"CT",23,6992188,2004
"STEC NONO157",2004,"GA",5,17538504,2004
"STEC NONO157",2004,"MD",5,11093870,2004
"STEC NONO157",2004,"MN",14,10175426,2004
"STEC NONO157",2004,"NM",8,3807616,2004
"STEC NONO157",2004,"NY",34,8656194,2004
"STEC NONO157",2004,"OR",1,7138926,2004
"STEC NONO157",2004,"TN",1,11821618,2004
"STEC NONO157",2005,"CA",5,6407148,2005
"STEC NONO157",2005,"CO",4,5121288,2005
"STEC NONO157",2005,"CT",20,7013912,2005
"STEC NONO157",2005,"GA",7,17851844,2005
"STEC NONO157",2005,"MD",21,11184758,2005
"STEC NONO157",2005,"MN",28,10239196,2005
"STEC NONO157",2005,"NM",10,3864548,2005
"STEC NONO157",2005,"NY",9,8641706,2005
"STEC NONO157",2005,"OR",7,7226404,2005
"STEC NONO157",2005,"TN",2,11982114,2005
"STEC NONO157",2006,"CA",6,6427936,2006
"STEC NONO157",2006,"CO",14,5211718,2006
"STEC NONO157",2006,"CT",30,7034920,2006
"STEC NONO157",2006,"GA",14,18311626,2006
"STEC NONO157",2006,"MD",44,11254734,2006
"STEC NONO157",2006,"MN",44,10327110,2006
"STEC NONO157",2006,"NM",20,3924274,2006
"STEC NONO157",2006,"NY",16,8637430,2006
"STEC NONO157",2006,"OR",9,7341766,2006
"STEC NONO157",2006,"TN",11,12177532,2006
"STEC NONO157",2007,"CA",9,6487080,2007
"STEC NONO157",2007,"CO",60,5306444,2007
"STEC NONO157",2007,"CT",26,7054540,2007
"STEC NONO157",2007,"GA",32,18699976,2007
"STEC NONO157",2007,"MD",37,11306816,2007
"STEC NONO157",2007,"MN",42,10414406,2007
"STEC NONO157",2007,"NM",23,3980140,2007
"STEC NONO157",2007,"NY",12,8638580,2007
"STEC NONO157",2007,"OR",5,7444834,2007
"STEC NONO157",2007,"TN",23,12351454,2007
"STEC NONO157",2008,"CA",1,6583408,2008
"STEC NONO157",2008,"CO",25,5403276,2008
"STEC NONO157",2008,"CT",18,7091158,2008
"STEC NONO157",2008,"GA",26,19009686,2008
"STEC NONO157",2008,"MD",52,11369930,2008
"STEC NONO157",2008,"MN",59,10494036,2008
"STEC NONO157",2008,"NM",28,4021324,2008
"STEC NONO157",2008,"NY",16,8646898,2008
"STEC NONO157",2008,"OR",5,7537496,2008
"STEC NONO157",2008,"TN",11,12494822,2008
"STEC NONO157",2009,"CA",5,6676702,2009
"STEC NONO157",2009,"CO",42,5498396,2009
"STEC NONO157",2009,"CT",22,7123614,2009
"STEC NONO157",2009,"GA",30,19241692,2009
"STEC NONO157",2009,"MD",33,11460776,2009
"STEC NONO157",2009,"MN",78,10562406,2009
"STEC NONO157",2009,"NM",26,4073604,2009
"STEC NONO157",2009,"NY",16,8652990,2009
"STEC NONO157",2009,"OR",11,7617200,2009
"STEC NONO157",2009,"TN",22,12612038,2009
"STEC NONO157",2010,"CA",13,6742064,2010
"STEC NONO157",2010,"CO",79,5591348,2010
"STEC NONO157",2010,"CT",27,7158346,2010
"STEC NONO157",2010,"GA",59,19424418,2010
"STEC NONO157",2010,"MD",28,11577568,2010
"STEC NONO157",2010,"MN",106,10621868,2010
"STEC NONO157",2010,"NM",33,4129228,2010
"STEC NONO157",2010,"NY",38,8658452,2010
"STEC NONO157",2010,"OR",29,7675228,2010
"STEC NONO157",2010,"TN",22,12711036,2010
"STEC NONO157",2011,"CA",28,6823896,2011
"STEC NONO157",2011,"CO",71,5699260,2011
"STEC NONO157",2011,"CT",19,7177264,2011
"STEC NONO157",2011,"GA",90,19607260,2011
"STEC NONO157",2011,"MD",38,11680482,2011
"STEC NONO157",2011,"MN",102,10693240,2011
"STEC NONO157",2011,"NM",33,4161414,2011
"STEC NONO157",2011,"NY",30,8657466,2011
"STEC NONO157",2011,"OR",60,7745344,2011
"STEC NONO157",2011,"TN",36,12800596,2011
"STEC NONO157",2012,"CA",24,6920262,2012
"STEC NONO157",2012,"CO",41,5803670,2012
"STEC NONO157",2012,"CT",31,7190422,2012
"STEC NONO157",2012,"GA",94,19807160,2012
"STEC NONO157",2012,"MD",38,11776750,2012
"STEC NONO157",2012,"MN",115,10755000,2012
"STEC NONO157",2012,"NM",41,4175430,2012
"STEC NONO157",2012,"NY",47,8651646,2012
"STEC NONO157",2012,"OR",73,7800204,2012
"STEC NONO157",2012,"TN",52,12911504,2012
"STEC NONO157",2013,"CA",26,7024912,2013
"STEC NONO157",2013,"CO",69,5913398,2013
"STEC NONO157",2013,"CT",37,7191584,2013
"STEC NONO157",2013,"GA",70,19951184,2013
"STEC NONO157",2013,"MD",34,11850394,2013
"STEC NONO157",2013,"MN",140,10829444,2013
"STEC NONO157",2013,"NM",17,4185666,2013
"STEC NONO157",2013,"NY",46,8644848,2013
"STEC NONO157",2013,"OR",62,7848220,2013
"STEC NONO157",2013,"TN",67,12993886,2013
"STEC NONO157",2014,"CA",60,7134442,2014
"STEC NONO157",2014,"CO",68,6024746,2014
"STEC NONO157",2014,"CT",41,7191394,2014
"STEC NONO157",2014,"GA",69,20142408,2014
"STEC NONO157",2014,"MD",45,11920128,2014
"STEC NONO157",2014,"MN",173,10905330,2014
"STEC NONO157",2014,"NM",33,4180472,2014
"STEC NONO157",2014,"NY",49,8629338,2014
"STEC NONO157",2014,"OR",88,7930894,2014
"STEC NONO157",2014,"TN",73,13089234,2014
"STEC NONO157",2015,"CA",115,7243422,2015
"STEC NONO157",2015,"CO",71,6152718,2015
"STEC NONO157",2015,"CT",56,7177122,2015
"STEC NONO157",2015,"GA",77,20366706,2015
"STEC NONO157",2015,"MD",53,11977056,2015
"STEC NONO157",2015,"MN",122,10968004,2015
"STEC NONO157",2015,"NM",29,4180142,2015
"STEC NONO157",2015,"NY",58,8604116,2015
"STEC NONO157",2015,"OR",109,8037084,2015
"STEC NONO157",2015,"TN",117,13190708,2015
"STEC NONO157",2016,"CA",130,7318734,2016
"STEC NONO157",2016,"CO",91,6244946,2016
"STEC NONO157",2016,"CT",54,7159660,2016
"STEC NONO157",2016,"GA",91,20616884,2016
"STEC NONO157",2016,"MD",50,12014028,2016
"STEC NONO157",2016,"MN",195,11050720,2016
"STEC NONO157",2016,"NM",36,4185110,2016
"STEC NONO157",2016,"NY",58,8580286,2016
"STEC NONO157",2016,"OR",107,8186542,2016
"STEC NONO157",2016,"TN",98,13302554,2016
"STEC NONO157",2017,"CA",142,7365836,2017
"STEC NONO157",2017,"CO",109,6314826,2017
"STEC NONO157",2017,"CT",56,7150648,2017
"STEC NONO157",2017,"GA",108,20834062,2017
"STEC NONO157",2017,"MD",52,12056372,2017
"STEC NONO157",2017,"MN",244,11138566,2017
"STEC NONO157",2017,"NM",42,4185688,2017
"STEC NONO157",2017,"NY",76,8568618,2017
"STEC NONO157",2017,"OR",134,8294588,2017
"STEC NONO157",2017,"TN",112,13429496,2017
"STEC NONO157",2018,"CA",145,7394224,2018
"STEC NONO157",2018,"CO",93,6397792,2018
"STEC NONO157",2018,"CT",53,7149122,2018
"STEC NONO157",2018,"GA",119,21038778,2018
"STEC NONO157",2018,"MD",49,12084306,2018
"STEC NONO157",2018,"MN",271,11217524,2018
"STEC NONO157",2018,"NM",30,4187508,2018
"STEC NONO157",2018,"NY",76,8559336,2018
"STEC NONO157",2018,"OR",140,8367076,2018
"STEC NONO157",2018,"TN",159,13556360,2018
"STEC NONO157",2019,"CA",170,7400242,2019
"STEC NONO157",2019,"CO",127,6458826,2019
"STEC NONO157",2019,"CT",47,7132044,2019
"STEC NONO157",2019,"GA",168,21256040,2019
"STEC NONO157",2019,"MD",40,12109908,2019
"STEC NONO157",2019,"MN",324,11280106,2019
"STEC NONO157",2019,"NM",41,4199268,2019
"STEC NONO157",2019,"NY",95,8531148,2019
"STEC NONO157",2019,"OR",152,8432232,2019
"STEC NONO157",2019,"TN",172,13660650,2019
"STEC NONO157",2020,"CA",58,7433518,2020
"STEC NONO157",2020,"CO",60,6484002,2020
"STEC NONO157",2020,"CT",31,NA,2020
"STEC NONO157",2020,"GA",79,21459656,2020
"STEC NONO157",2020,"MD",29,12346410,2020
"STEC NONO157",2020,"MN",195,11419704,2020
"STEC NONO157",2020,"NM",24,4236780,2020
"STEC NONO157",2020,"NY",59,8686056,2020
"STEC NONO157",2020,"OR",94,8489590,2020
"STEC NONO157",2020,"TN",71,13851238,2020
"STEC NONO157",2021,"CA",84,7236776,2021
"STEC NONO157",2021,"CO",74,6489346,2021
"STEC NONO157",2021,"CT",37,NA,2021
"STEC NONO157",2021,"GA",87,21576058,2021
"STEC NONO157",2021,"MD",28,12349220,2021
"STEC NONO157",2021,"MN",263,11422942,2021
"STEC NONO157",2021,"NM",28,4233354,2021
"STEC NONO157",2021,"NY",75,8697126,2021
"STEC NONO157",2021,"OR",129,8512602,2021
"STEC NONO157",2021,"TN",99,13936702,2021
"STEC NONO157",2022,"CA",106,7188800,2022
"STEC NONO157",2022,"CO",101,6504710,2022
"STEC NONO157",2022,"CT",41,NA,2022
"STEC NONO157",2022,"GA",86,21825752,2022
"STEC NONO157",2022,"MD",33,12329320,2022
"STEC NONO157",2022,"MN",334,11434368,2022
"STEC NONO157",2022,"NM",26,4226688,2022
"STEC NONO157",2022,"NY",73,8656976,2022
"STEC NONO157",2022,"OR",121,8480274,2022
"STEC NONO157",2022,"TN",81,14102678,2022
"STEC NONO157",2023,"CA",78,7188800,2023
"STEC NONO157",2023,"CO",198,6504710,2023
"STEC NONO157",2023,"CT",50,NA,2023
"STEC NONO157",2023,"GA",95,21825752,2023
"STEC NONO157",2023,"MD",41,12329320,2023
"STEC NONO157",2023,"MN",294,11434368,2023
"STEC NONO157",2023,"NM",19,4226688,2023
"STEC NONO157",2023,"NY",80,8656976,2023
"STEC NONO157",2023,"OR",153,8480274,2023
"STEC NONO157",2023,"TN",98,14102678,2023
"STEC O157",1996,"CA",20,2087032,1996
"STEC O157",1996,"CT",37,1622809,1996
"STEC O157",1996,"GA",6,2720443,1996
"STEC O157",1996,"MN",240,4647723,1996
"STEC O157",1996,"OR",71,3195087,1996
"STEC O157",1997,"CA",17,4751094.83333333,1997
"STEC O157",1997,"CT",34,5721997,1997
"STEC O157",1997,"GA",7,3632206,1997
"STEC O157",1997,"MN",199,9375452,1997
"STEC O157",1997,"OR",80,4864881,1997
"STEC O157",1998,"CA",35,5203582,1998
"STEC O157",1998,"CT",56,6545126,1998
"STEC O157",1998,"GA",45,7488044,1998
"STEC O157",1998,"MD",23,4882558,1998
"STEC O157",1998,"MN",209,9452822,1998
"STEC O157",1998,"NY",22,2210124,1998
"STEC O157",1998,"OR",101,6564110,1998
"STEC O157",1999,"CA",23,5257859,1999
"STEC O157",1999,"CT",94,6564062,1999
"STEC O157",1999,"GA",39,15576480,1999
"STEC O157",1999,"MD",16,4901132,1999
"STEC O157",1999,"MN",174,9551016,1999
"STEC O157",1999,"NY",94,4168906,1999
"STEC O157",1999,"OR",62,6632308,1999
"STEC O157",2000,"CA",46,6361070,2000
"STEC O157",2000,"CT",84,6823554,2000
"STEC O157",2000,"GA",42,16454606,2000
"STEC O157",2000,"MD",16,5034390,2000
"STEC O157",2000,"MN",216,9867384,2000
"STEC O157",2000,"NY",74,4230114,2000
"STEC O157",2000,"OR",115,6859416,2000
"STEC O157",2000,"TN",30,5652762,2000
"STEC O157",2001,"CA",36,6442602,2001
"STEC O157",2001,"CO",37,4299626,2001
"STEC O157",2001,"CT",38,6865670,2001
"STEC O157",2001,"GA",43,16754076,2001
"STEC O157",2001,"MD",21,8486684,2001
"STEC O157",2001,"MN",220,9965592,2001
"STEC O157",2001,"NY",31,4239942,2001
"STEC O157",2001,"OR",76,6935874,2001
"STEC O157",2001,"TN",40,5705808,2001
"STEC O157",2002,"CA",45,6429382,2002
"STEC O157",2002,"CO",58,4989018,2002
"STEC O157",2002,"CT",45,6917498,2002
"STEC O157",2002,"GA",45,17016512,2002
"STEC O157",2002,"MD",30,10880778,2002
"STEC O157",2002,"MN",160,10037870,2002
"STEC O157",2002,"NY",56,6665478,2002
"STEC O157",2002,"OR",177,7026848,2002
"STEC O157",2002,"TN",25,5757746,2002
"STEC O157",2003,"CA",29,6415708,2003
"STEC O157",2003,"CO",37,5023214,2003
"STEC O157",2003,"CT",37,6968672,2003
"STEC O157",2003,"GA",23,17245586,2003
"STEC O157",2003,"MD",16,10992538,2003
"STEC O157",2003,"MN",133,10107144,2003
"STEC O157",2003,"NY",49,7963460,2003
"STEC O157",2003,"OR",86,7094752,2003
"STEC O157",2003,"TN",34,11695624,2003
"STEC O157",2004,"CA",25,6398940,2004
"STEC O157",2004,"CO",21,5065078,2004
"STEC O157",2004,"CT",31,6992188,2004
"STEC O157",2004,"GA",23,17538504,2004
"STEC O157",2004,"MD",22,11093870,2004
"STEC O157",2004,"MN",110,10175426,2004
"STEC O157",2004,"NM",7,3807616,2004
"STEC O157",2004,"NY",54,8656194,2004
"STEC O157",2004,"OR",61,7138926,2004
"STEC O157",2004,"TN",48,11821618,2004
"STEC O157",2005,"CA",28,6407148,2005
"STEC O157",2005,"CO",26,5121288,2005
"STEC O157",2005,"CT",43,7013912,2005
"STEC O157",2005,"GA",33,17851844,2005
"STEC O157",2005,"MD",27,11184758,2005
"STEC O157",2005,"MN",121,10239196,2005
"STEC O157",2005,"NM",10,3864548,2005
"STEC O157",2005,"NY",74,8641706,2005
"STEC O157",2005,"OR",66,7226404,2005
"STEC O157",2005,"TN",45,11982114,2005
"STEC O157",2006,"CA",42,6427936,2006
"STEC O157",2006,"CO",35,5211718,2006
"STEC O157",2006,"CT",41,7034920,2006
"STEC O157",2006,"GA",41,18311626,2006
"STEC O157",2006,"MD",40,11254734,2006
"STEC O157",2006,"MN",147,10327110,2006
"STEC O157",2006,"NM",20,3924274,2006
"STEC O157",2006,"NY",53,8637430,2006
"STEC O157",2006,"OR",83,7341766,2006
"STEC O157",2006,"TN",88,12177532,2006
"STEC O157",2007,"CA",39,6487080,2007
"STEC O157",2007,"CO",32,5306444,2007
"STEC O157",2007,"CT",45,7054540,2007
"STEC O157",2007,"GA",47,18699976,2007
"STEC O157",2007,"MD",22,11306816,2007
"STEC O157",2007,"MN",165,10414406,2007
"STEC O157",2007,"NM",10,3980140,2007
"STEC O157",2007,"NY",58,8638580,2007
"STEC O157",2007,"OR",73,7444834,2007
"STEC O157",2007,"TN",57,12351454,2007
"STEC O157",2008,"CA",37,6583408,2008
"STEC O157",2008,"CO",82,5403276,2008
"STEC O157",2008,"CT",26,7091158,2008
"STEC O157",2008,"GA",44,19009686,2008
"STEC O157",2008,"MD",33,11369930,2008
"STEC O157",2008,"MN",120,10494036,2008
"STEC O157",2008,"NM",15,4021324,2008
"STEC O157",2008,"NY",51,8646898,2008
"STEC O157",2008,"OR",56,7537496,2008
"STEC O157",2008,"TN",54,12494822,2008
"STEC O157",2009,"CA",38,6676702,2009
"STEC O157",2009,"CO",63,5498396,2009
"STEC O157",2009,"CT",44,7123614,2009
"STEC O157",2009,"GA",20,19241692,2009
"STEC O157",2009,"MD",24,11460776,2009
"STEC O157",2009,"MN",130,10562406,2009
"STEC O157",2009,"NM",9,4073604,2009
"STEC O157",2009,"NY",29,8652990,2009
"STEC O157",2009,"OR",66,7617200,2009
"STEC O157",2009,"TN",38,12612038,2009
"STEC O157",2010,"CA",25,6742064,2010
"STEC O157",2010,"CO",35,5591348,2010
"STEC O157",2010,"CT",30,7158346,2010
"STEC O157",2010,"GA",25,19424418,2010
"STEC O157",2010,"MD",27,11577568,2010
"STEC O157",2010,"MN",140,10621868,2010
"STEC O157",2010,"NM",10,4129228,2010
"STEC O157",2010,"NY",33,8658452,2010
"STEC O157",2010,"OR",73,7675228,2010
"STEC O157",2010,"TN",48,12711036,2010
"STEC O157",2011,"CA",35,6823896,2011
"STEC O157",2011,"CO",25,5699260,2011
"STEC O157",2011,"CT",17,7177264,2011
"STEC O157",2011,"GA",29,19607260,2011
"STEC O157",2011,"MD",30,11680482,2011
"STEC O157",2011,"MN",146,10693240,2011
"STEC O157",2011,"NM",12,4161414,2011
"STEC O157",2011,"NY",43,8657466,2011
"STEC O157",2011,"OR",67,7745344,2011
"STEC O157",2011,"TN",59,12800596,2011
"STEC O157",2012,"CA",39,6920262,2012
"STEC O157",2012,"CO",37,5803670,2012
"STEC O157",2012,"CT",19,7190422,2012
"STEC O157",2012,"GA",34,19807160,2012
"STEC O157",2012,"MD",33,11776750,2012
"STEC O157",2012,"MN",123,10755000,2012
"STEC O157",2012,"NM",15,4175430,2012
"STEC O157",2012,"NY",69,8651646,2012
"STEC O157",2012,"OR",95,7800204,2012
"STEC O157",2012,"TN",69,12911504,2012
"STEC O157",2013,"CA",64,7024912,2013
"STEC O157",2013,"CO",26,5913398,2013
"STEC O157",2013,"CT",32,7191584,2013
"STEC O157",2013,"GA",48,19951184,2013
"STEC O157",2013,"MD",28,11850394,2013
"STEC O157",2013,"MN",143,10829444,2013
"STEC O157",2013,"NM",11,4185666,2013
"STEC O157",2013,"NY",42,8644848,2013
"STEC O157",2013,"OR",105,7848220,2013
"STEC O157",2013,"TN",54,12993886,2013
"STEC O157",2014,"CA",51,7134442,2014
"STEC O157",2014,"CO",19,6024746,2014
"STEC O157",2014,"CT",17,7191394,2014
"STEC O157",2014,"GA",25,20142408,2014
"STEC O157",2014,"MD",20,11920128,2014
"STEC O157",2014,"MN",128,10905330,2014
"STEC O157",2014,"NM",14,4180472,2014
"STEC O157",2014,"NY",29,8629338,2014
"STEC O157",2014,"OR",72,7930894,2014
"STEC O157",2014,"TN",69,13089234,2014
"STEC O157",2015,"CA",47,7243422,2015
"STEC O157",2015,"CO",38,6152718,2015
"STEC O157",2015,"CT",27,7177122,2015
"STEC O157",2015,"GA",27,20366706,2015
"STEC O157",2015,"MD",24,11977056,2015
"STEC O157",2015,"MN",114,10968004,2015
"STEC O157",2015,"NM",7,4180142,2015
"STEC O157",2015,"NY",27,8604116,2015
"STEC O157",2015,"OR",108,8037084,2015
"STEC O157",2015,"TN",47,13190708,2015
"STEC O157",2016,"CA",46,7318734,2016
"STEC O157",2016,"CO",26,6244946,2016
"STEC O157",2016,"CT",74,7159660,2016
"STEC O157",2016,"GA",29,20616884,2016
"STEC O157",2016,"MD",22,12014028,2016
"STEC O157",2016,"MN",122,11050720,2016
"STEC O157",2016,"NM",14,4185110,2016
"STEC O157",2016,"NY",37,8580286,2016
"STEC O157",2016,"OR",66,8186542,2016
"STEC O157",2016,"TN",69,13302554,2016
"STEC O157",2017,"CA",68,7365836,2017
"STEC O157",2017,"CO",29,6314826,2017
"STEC O157",2017,"CT",20,7150648,2017
"STEC O157",2017,"GA",30,20834062,2017
"STEC O157",2017,"MD",19,12056372,2017
"STEC O157",2017,"MN",97,11138566,2017
"STEC O157",2017,"NM",7,4185688,2017
"STEC O157",2017,"NY",27,8568618,2017
"STEC O157",2017,"OR",65,8294588,2017
"STEC O157",2017,"TN",67,13429496,2017
"STEC O157",2018,"CA",47,7394224,2018
"STEC O157",2018,"CO",18,6397792,2018
"STEC O157",2018,"CT",19,7149122,2018
"STEC O157",2018,"GA",46,21038778,2018
"STEC O157",2018,"MD",18,12084306,2018
"STEC O157",2018,"MN",115,11217524,2018
"STEC O157",2018,"NM",8,4187508,2018
"STEC O157",2018,"NY",31,8559336,2018
"STEC O157",2018,"OR",76,8367076,2018
"STEC O157",2018,"TN",68,13556360,2018
"STEC O157",2019,"CA",62,7400242,2019
"STEC O157",2019,"CO",31,6458826,2019
"STEC O157",2019,"CT",17,7132044,2019
"STEC O157",2019,"GA",31,21256040,2019
"STEC O157",2019,"MD",18,12109908,2019
"STEC O157",2019,"MN",112,11280106,2019
"STEC O157",2019,"NM",12,4199268,2019
"STEC O157",2019,"NY",10,8531148,2019
"STEC O157",2019,"OR",65,8432232,2019
"STEC O157",2019,"TN",42,13660650,2019
"STEC O157",2020,"CA",40,7433518,2020
"STEC O157",2020,"CO",8,6484002,2020
"STEC O157",2020,"CT",11,NA,2020
"STEC O157",2020,"GA",19,21459656,2020
"STEC O157",2020,"MD",12,12346410,2020
"STEC O157",2020,"MN",64,11419704,2020
"STEC O157",2020,"NM",10,4236780,2020
"STEC O157",2020,"NY",14,8686056,2020
"STEC O157",2020,"OR",41,8489590,2020
"STEC O157",2020,"TN",45,13851238,2020
"STEC O157",2021,"CA",48,7236776,2021
"STEC O157",2021,"CO",14,6489346,2021
"STEC O157",2021,"CT",10,NA,2021
"STEC O157",2021,"GA",26,21576058,2021
"STEC O157",2021,"MD",34,12349220,2021
"STEC O157",2021,"MN",69,11422942,2021
"STEC O157",2021,"NM",10,4233354,2021
"STEC O157",2021,"NY",14,8697126,2021
"STEC O157",2021,"OR",83,8512602,2021
"STEC O157",2021,"TN",24,13936702,2021
"STEC O157",2022,"CA",40,7188800,2022
"STEC O157",2022,"CO",9,6504710,2022
"STEC O157",2022,"CT",19,NA,2022
"STEC O157",2022,"GA",29,21825752,2022
"STEC O157",2022,"MD",24,12329320,2022
"STEC O157",2022,"MN",62,11434368,2022
"STEC O157",2022,"NM",8,4226688,2022
"STEC O157",2022,"NY",11,8656976,2022
"STEC O157",2022,"OR",50,8480274,2022
"STEC O157",2022,"TN",47,14102678,2022
"STEC O157",2023,"CA",23,7188800,2023
"STEC O157",2023,"CO",36,6504710,2023
"STEC O157",2023,"CT",9,NA,2023
"STEC O157",2023,"GA",16,21825752,2023
"STEC O157",2023,"MD",17,12329320,2023
"STEC O157",2023,"MN",86,11434368,2023
"STEC O157",2023,"NM",0,4226688,2023
"STEC O157",2023,"NY",7,8656976,2023
"STEC O157",2023,"OR",66,8480274,2023
"STEC O157",2023,"TN",44,14102678,2023
"VIBRIO",1996,"CA",8,2087032,1996
"VIBRIO",1996,"CT",1,1622809,1996
"VIBRIO",1996,"GA",4,2720443,1996
"VIBRIO",1996,"MN",4,4647723,1996
"VIBRIO",1996,"OR",4,3195087,1996
"VIBRIO",1997,"CA",31,4751094.83333333,1997
"VIBRIO",1997,"CT",4,5721997,1997
"VIBRIO",1997,"GA",3,3632206,1997
"VIBRIO",1997,"MN",2,9375452,1997
"VIBRIO",1997,"OR",12,4864881,1997
"VIBRIO",1998,"CA",10,5203582,1998
"VIBRIO",1998,"CT",6,6545126,1998
"VIBRIO",1998,"GA",17,7488044,1998
"VIBRIO",1998,"MD",6,4882558,1998
"VIBRIO",1998,"MN",2,9452822,1998
"VIBRIO",1998,"NY",0,2210124,1998
"VIBRIO",1998,"OR",9,6564110,1998
"VIBRIO",1999,"CA",10,5257859,1999
"VIBRIO",1999,"CT",6,6564062,1999
"VIBRIO",1999,"GA",17,15576480,1999
"VIBRIO",1999,"MD",8,4901132,1999
"VIBRIO",1999,"MN",4,9551016,1999
"VIBRIO",1999,"NY",1,4168906,1999
"VIBRIO",1999,"OR",2,6632308,1999
"VIBRIO",2000,"CA",22,6361070,2000
"VIBRIO",2000,"CT",6,6823554,2000
"VIBRIO",2000,"GA",8,16454606,2000
"VIBRIO",2000,"MD",7,5034390,2000
"VIBRIO",2000,"MN",3,9867384,2000
"VIBRIO",2000,"NY",0,4230114,2000
"VIBRIO",2000,"OR",7,6859416,2000
"VIBRIO",2000,"TN",1,5652762,2000
"VIBRIO",2001,"CA",16,6442602,2001
"VIBRIO",2001,"CO",5,4299626,2001
"VIBRIO",2001,"CT",9,6865670,2001
"VIBRIO",2001,"GA",24,16754076,2001
"VIBRIO",2001,"MD",13,8486684,2001
"VIBRIO",2001,"MN",3,9965592,2001
"VIBRIO",2001,"NY",2,4239942,2001
"VIBRIO",2001,"OR",5,6935874,2001
"VIBRIO",2001,"TN",2,5705808,2001
"VIBRIO",2002,"CA",11,6429382,2002
"VIBRIO",2002,"CO",3,4989018,2002
"VIBRIO",2002,"CT",11,6917498,2002
"VIBRIO",2002,"GA",27,17016512,2002
"VIBRIO",2002,"MD",20,10880778,2002
"VIBRIO",2002,"MN",5,10037870,2002
"VIBRIO",2002,"NY",4,6665478,2002
"VIBRIO",2002,"OR",16,7026848,2002
"VIBRIO",2002,"TN",7,5757746,2002
"VIBRIO",2003,"CA",20,6415708,2003
"VIBRIO",2003,"CO",1,5023214,2003
"VIBRIO",2003,"CT",11,6968672,2003
"VIBRIO",2003,"GA",28,17245586,2003
"VIBRIO",2003,"MD",23,10992538,2003
"VIBRIO",2003,"MN",4,10107144,2003
"VIBRIO",2003,"NY",7,7963460,2003
"VIBRIO",2003,"OR",6,7094752,2003
"VIBRIO",2003,"TN",10,11695624,2003
"VIBRIO",2004,"CA",26,6398940,2004
"VIBRIO",2004,"CO",11,5065078,2004
"VIBRIO",2004,"CT",10,6992188,2004
"VIBRIO",2004,"GA",24,17538504,2004
"VIBRIO",2004,"MD",28,11093870,2004
"VIBRIO",2004,"MN",3,10175426,2004
"VIBRIO",2004,"NM",2,3807616,2004
"VIBRIO",2004,"NY",1,8656194,2004
"VIBRIO",2004,"OR",9,7138926,2004
"VIBRIO",2004,"TN",9,11821618,2004
"VIBRIO",2005,"CA",24,6407148,2005
"VIBRIO",2005,"CO",8,5121288,2005
"VIBRIO",2005,"CT",13,7013912,2005
"VIBRIO",2005,"GA",22,17851844,2005
"VIBRIO",2005,"MD",25,11184758,2005
"VIBRIO",2005,"MN",6,10239196,2005
"VIBRIO",2005,"NM",1,3864548,2005
"VIBRIO",2005,"NY",8,8641706,2005
"VIBRIO",2005,"OR",9,7226404,2005
"VIBRIO",2005,"TN",5,11982114,2005
"VIBRIO",2006,"CA",41,6427936,2006
"VIBRIO",2006,"CO",3,5211718,2006
"VIBRIO",2006,"CT",19,7034920,2006
"VIBRIO",2006,"GA",25,18311626,2006
"VIBRIO",2006,"MD",31,11254734,2006
"VIBRIO",2006,"MN",4,10327110,2006
"VIBRIO",2006,"NM",2,3924274,2006
"VIBRIO",2006,"NY",12,8637430,2006
"VIBRIO",2006,"OR",10,7341766,2006
"VIBRIO",2006,"TN",9,12177532,2006
"VIBRIO",2007,"CA",13,6487080,2007
"VIBRIO",2007,"CO",4,5306444,2007
"VIBRIO",2007,"CT",16,7054540,2007
"VIBRIO",2007,"GA",23,18699976,2007
"VIBRIO",2007,"MD",26,11306816,2007
"VIBRIO",2007,"MN",8,10414406,2007
"VIBRIO",2007,"NM",0,3980140,2007
"VIBRIO",2007,"NY",9,8638580,2007
"VIBRIO",2007,"OR",8,7444834,2007
"VIBRIO",2007,"TN",3,12351454,2007
"VIBRIO",2008,"CA",23,6583408,2008
"VIBRIO",2008,"CO",5,5403276,2008
"VIBRIO",2008,"CT",14,7091158,2008
"VIBRIO",2008,"GA",19,19009686,2008
"VIBRIO",2008,"MD",35,11369930,2008
"VIBRIO",2008,"MN",8,10494036,2008
"VIBRIO",2008,"NM",2,4021324,2008
"VIBRIO",2008,"NY",8,8646898,2008
"VIBRIO",2008,"OR",12,7537496,2008
"VIBRIO",2008,"TN",10,12494822,2008
"VIBRIO",2009,"CA",21,6676702,2009
"VIBRIO",2009,"CO",9,5498396,2009
"VIBRIO",2009,"CT",27,7123614,2009
"VIBRIO",2009,"GA",27,19241692,2009
"VIBRIO",2009,"MD",30,11460776,2009
"VIBRIO",2009,"MN",9,10562406,2009
"VIBRIO",2009,"NM",1,4073604,2009
"VIBRIO",2009,"NY",11,8652990,2009
"VIBRIO",2009,"OR",18,7617200,2009
"VIBRIO",2009,"TN",8,12612038,2009
"VIBRIO",2010,"CA",28,6742064,2010
"VIBRIO",2010,"CO",6,5591348,2010
"VIBRIO",2010,"CT",32,7158346,2010
"VIBRIO",2010,"GA",28,19424418,2010
"VIBRIO",2010,"MD",47,11577568,2010
"VIBRIO",2010,"MN",14,10621868,2010
"VIBRIO",2010,"NM",2,4129228,2010
"VIBRIO",2010,"NY",4,8658452,2010
"VIBRIO",2010,"OR",24,7675228,2010
"VIBRIO",2010,"TN",10,12711036,2010
"VIBRIO",2011,"CA",21,6823896,2011
"VIBRIO",2011,"CO",3,5699260,2011
"VIBRIO",2011,"CT",27,7177264,2011
"VIBRIO",2011,"GA",35,19607260,2011
"VIBRIO",2011,"MD",37,11680482,2011
"VIBRIO",2011,"MN",9,10693240,2011
"VIBRIO",2011,"NM",3,4161414,2011
"VIBRIO",2011,"NY",6,8657466,2011
"VIBRIO",2011,"OR",5,7745344,2011
"VIBRIO",2011,"TN",11,12800596,2011
"VIBRIO",2012,"CA",27,6920262,2012
"VIBRIO",2012,"CO",8,5803670,2012
"VIBRIO",2012,"CT",24,7190422,2012
"VIBRIO",2012,"GA",33,19807160,2012
"VIBRIO",2012,"MD",47,11776750,2012
"VIBRIO",2012,"MN",15,10755000,2012
"VIBRIO",2012,"NM",2,4175430,2012
"VIBRIO",2012,"NY",11,8651646,2012
"VIBRIO",2012,"OR",18,7800204,2012
"VIBRIO",2012,"TN",17,12911504,2012
"VIBRIO",2013,"CA",40,7024912,2013
"VIBRIO",2013,"CO",9,5913398,2013
"VIBRIO",2013,"CT",43,7191584,2013
"VIBRIO",2013,"GA",27,19951184,2013
"VIBRIO",2013,"MD",57,11850394,2013
"VIBRIO",2013,"MN",20,10829444,2013
"VIBRIO",2013,"NM",3,4185666,2013
"VIBRIO",2013,"NY",18,8644848,2013
"VIBRIO",2013,"OR",22,7848220,2013
"VIBRIO",2013,"TN",15,12993886,2013
"VIBRIO",2014,"CA",53,7134442,2014
"VIBRIO",2014,"CO",8,6024746,2014
"VIBRIO",2014,"CT",15,7191394,2014
"VIBRIO",2014,"GA",21,20142408,2014
"VIBRIO",2014,"MD",41,11920128,2014
"VIBRIO",2014,"MN",26,10905330,2014
"VIBRIO",2014,"NM",1,4180472,2014
"VIBRIO",2014,"NY",12,8629338,2014
"VIBRIO",2014,"OR",29,7930894,2014
"VIBRIO",2014,"TN",16,13089234,2014
"VIBRIO",2015,"CA",37,7243422,2015
"VIBRIO",2015,"CO",5,6152718,2015
"VIBRIO",2015,"CT",34,7177122,2015
"VIBRIO",2015,"GA",27,20366706,2015
"VIBRIO",2015,"MD",37,11977056,2015
"VIBRIO",2015,"MN",21,10968004,2015
"VIBRIO",2015,"NM",1,4180142,2015
"VIBRIO",2015,"NY",10,8604116,2015
"VIBRIO",2015,"OR",26,8037084,2015
"VIBRIO",2015,"TN",6,13190708,2015
"VIBRIO",2016,"CA",11,7318734,2016
"VIBRIO",2016,"CO",11,6244946,2016
"VIBRIO",2016,"CT",27,7159660,2016
"VIBRIO",2016,"GA",37,20616884,2016
"VIBRIO",2016,"MD",73,12014028,2016
"VIBRIO",2016,"MN",32,11050720,2016
"VIBRIO",2016,"NM",3,4185110,2016
"VIBRIO",2016,"NY",20,8580286,2016
"VIBRIO",2016,"OR",22,8186542,2016
"VIBRIO",2016,"TN",18,13302554,2016
"VIBRIO",2017,"CA",29,7365836,2017
"VIBRIO",2017,"CO",21,6314826,2017
"VIBRIO",2017,"CT",47,7150648,2017
"VIBRIO",2017,"GA",59,20834062,2017
"VIBRIO",2017,"MD",68,12056372,2017
"VIBRIO",2017,"MN",37,11138566,2017
"VIBRIO",2017,"NM",3,4185688,2017
"VIBRIO",2017,"NY",16,8568618,2017
"VIBRIO",2017,"OR",32,8294588,2017
"VIBRIO",2017,"TN",29,13429496,2017
"VIBRIO",2018,"CA",24,7394224,2018
"VIBRIO",2018,"CO",41,6397792,2018
"VIBRIO",2018,"CT",56,7149122,2018
"VIBRIO",2018,"GA",121,21038778,2018
"VIBRIO",2018,"MD",99,12084306,2018
"VIBRIO",2018,"MN",74,11217524,2018
"VIBRIO",2018,"NM",13,4187508,2018
"VIBRIO",2018,"NY",28,8559336,2018
"VIBRIO",2018,"OR",90,8367076,2018
"VIBRIO",2018,"TN",33,13556360,2018
"VIBRIO",2019,"CA",27,7400242,2019
"VIBRIO",2019,"CO",41,6458826,2019
"VIBRIO",2019,"CT",65,7132044,2019
"VIBRIO",2019,"GA",95,21256040,2019
"VIBRIO",2019,"MD",96,12109908,2019
"VIBRIO",2019,"MN",70,11280106,2019
"VIBRIO",2019,"NM",3,4199268,2019
"VIBRIO",2019,"NY",11,8531148,2019
"VIBRIO",2019,"OR",37,8432232,2019
"VIBRIO",2019,"TN",36,13660650,2019
"VIBRIO",2020,"CA",16,7433518,2020
"VIBRIO",2020,"CO",21,6484002,2020
"VIBRIO",2020,"CT",48,NA,2020
"VIBRIO",2020,"GA",38,21459656,2020
"VIBRIO",2020,"MD",81,12346410,2020
"VIBRIO",2020,"MN",38,11419704,2020
"VIBRIO",2020,"NM",5,4236780,2020
"VIBRIO",2020,"NY",20,8686056,2020
"VIBRIO",2020,"OR",31,8489590,2020
"VIBRIO",2020,"TN",29,13851238,2020
"VIBRIO",2021,"CA",33,7236776,2021
"VIBRIO",2021,"CO",37,6489346,2021
"VIBRIO",2021,"CT",51,NA,2021
"VIBRIO",2021,"GA",69,21576058,2021
"VIBRIO",2021,"MD",97,12349220,2021
"VIBRIO",2021,"MN",91,11422942,2021
"VIBRIO",2021,"NM",8,4233354,2021
"VIBRIO",2021,"NY",24,8697126,2021
"VIBRIO",2021,"OR",38,8512602,2021
"VIBRIO",2021,"TN",34,13936702,2021
"VIBRIO",2022,"CA",32,7188800,2022
"VIBRIO",2022,"CO",36,6504710,2022
"VIBRIO",2022,"CT",55,NA,2022
"VIBRIO",2022,"GA",78,21825752,2022
"VIBRIO",2022,"MD",108,12329320,2022
"VIBRIO",2022,"MN",91,11434368,2022
"VIBRIO",2022,"NM",6,4226688,2022
"VIBRIO",2022,"NY",31,8656976,2022
"VIBRIO",2022,"OR",31,8480274,2022
"VIBRIO",2022,"TN",30,14102678,2022
"VIBRIO",2023,"CA",17,7188800,2023
"VIBRIO",2023,"CO",86,6504710,2023
"VIBRIO",2023,"CT",45,NA,2023
"VIBRIO",2023,"GA",65,21825752,2023
"VIBRIO",2023,"MD",131,12329320,2023
"VIBRIO",2023,"MN",88,11434368,2023
"VIBRIO",2023,"NM",3,4226688,2023
"VIBRIO",2023,"NY",23,8656976,2023
"VIBRIO",2023,"OR",49,8480274,2023
"VIBRIO",2023,"TN",56,14102678,2023
"YERSINIA",1996,"CA",18,2087032,1996
"YERSINIA",1996,"CT",20,1622809,1996
"YERSINIA",1996,"GA",63,2720443,1996
"YERSINIA",1996,"MN",29,4647723,1996
"YERSINIA",1996,"OR",17,3195087,1996
"YERSINIA",1997,"CA",35,4751094.83333333,1997
"YERSINIA",1997,"CT",15,5721997,1997
"YERSINIA",1997,"GA",43,3632206,1997
"YERSINIA",1997,"MN",31,9375452,1997
"YERSINIA",1997,"OR",15,4864881,1997
"YERSINIA",1998,"CA",33,5203582,1998
"YERSINIA",1998,"CT",22,6545126,1998
"YERSINIA",1998,"GA",57,7488044,1998
"YERSINIA",1998,"MD",14,4882558,1998
"YERSINIA",1998,"MN",35,9452822,1998
"YERSINIA",1998,"NY",5,2210124,1998
"YERSINIA",1998,"OR",15,6564110,1998
"YERSINIA",1999,"CA",17,5257859,1999
"YERSINIA",1999,"CT",13,6564062,1999
"YERSINIA",1999,"GA",59,15576480,1999
"YERSINIA",1999,"MD",9,4901132,1999
"YERSINIA",1999,"MN",37,9551016,1999
"YERSINIA",1999,"NY",8,4168906,1999
"YERSINIA",1999,"OR",19,6632308,1999
"YERSINIA",2000,"CA",28,6361070,2000
"YERSINIA",2000,"CT",13,6823554,2000
"YERSINIA",2000,"GA",45,16454606,2000
"YERSINIA",2000,"MD",9,5034390,2000
"YERSINIA",2000,"MN",10,9867384,2000
"YERSINIA",2000,"NY",8,4230114,2000
"YERSINIA",2000,"OR",9,6859416,2000
"YERSINIA",2000,"TN",11,5652762,2000
"YERSINIA",2001,"CA",17,6442602,2001
"YERSINIA",2001,"CO",9,4299626,2001
"YERSINIA",2001,"CT",9,6865670,2001
"YERSINIA",2001,"GA",50,16754076,2001
"YERSINIA",2001,"MD",12,8486684,2001
"YERSINIA",2001,"MN",19,9965592,2001
"YERSINIA",2001,"NY",6,4239942,2001
"YERSINIA",2001,"OR",12,6935874,2001
"YERSINIA",2001,"TN",10,5705808,2001
"YERSINIA",2002,"CA",17,6429382,2002
"YERSINIA",2002,"CO",3,4989018,2002
"YERSINIA",2002,"CT",16,6917498,2002
"YERSINIA",2002,"GA",47,17016512,2002
"YERSINIA",2002,"MD",15,10880778,2002
"YERSINIA",2002,"MN",19,10037870,2002
"YERSINIA",2002,"NY",21,6665478,2002
"YERSINIA",2002,"OR",16,7026848,2002
"YERSINIA",2002,"TN",15,5757746,2002
"YERSINIA",2003,"CA",19,6415708,2003
"YERSINIA",2003,"CO",5,5023214,2003
"YERSINIA",2003,"CT",16,6968672,2003
"YERSINIA",2003,"GA",49,17245586,2003
"YERSINIA",2003,"MD",12,10992538,2003
"YERSINIA",2003,"MN",12,10107144,2003
"YERSINIA",2003,"NY",15,7963460,2003
"YERSINIA",2003,"OR",5,7094752,2003
"YERSINIA",2003,"TN",29,11695624,2003
"YERSINIA",2004,"CA",25,6398940,2004
"YERSINIA",2004,"CO",8,5065078,2004
"YERSINIA",2004,"CT",19,6992188,2004
"YERSINIA",2004,"GA",41,17538504,2004
"YERSINIA",2004,"MD",8,11093870,2004
"YERSINIA",2004,"MN",22,10175426,2004
"YERSINIA",2004,"NM",1,3807616,2004
"YERSINIA",2004,"NY",10,8656194,2004
"YERSINIA",2004,"OR",15,7138926,2004
"YERSINIA",2004,"TN",26,11821618,2004
"YERSINIA",2005,"CA",29,6407148,2005
"YERSINIA",2005,"CO",7,5121288,2005
"YERSINIA",2005,"CT",15,7013912,2005
"YERSINIA",2005,"GA",28,17851844,2005
"YERSINIA",2005,"MD",7,11184758,2005
"YERSINIA",2005,"MN",18,10239196,2005
"YERSINIA",2005,"NM",2,3864548,2005
"YERSINIA",2005,"NY",23,8641706,2005
"YERSINIA",2005,"OR",16,7226404,2005
"YERSINIA",2005,"TN",18,11982114,2005
"YERSINIA",2006,"CA",10,6427936,2006
"YERSINIA",2006,"CO",6,5211718,2006
"YERSINIA",2006,"CT",18,7034920,2006
"YERSINIA",2006,"GA",32,18311626,2006
"YERSINIA",2006,"MD",11,11254734,2006
"YERSINIA",2006,"MN",23,10327110,2006
"YERSINIA",2006,"NM",5,3924274,2006
"YERSINIA",2006,"NY",14,8637430,2006
"YERSINIA",2006,"OR",15,7341766,2006
"YERSINIA",2006,"TN",29,12177532,2006
"YERSINIA",2007,"CA",15,6487080,2007
"YERSINIA",2007,"CO",4,5306444,2007
"YERSINIA",2007,"CT",18,7054540,2007
"YERSINIA",2007,"GA",44,18699976,2007
"YERSINIA",2007,"MD",8,11306816,2007
"YERSINIA",2007,"MN",24,10414406,2007
"YERSINIA",2007,"NM",3,3980140,2007
"YERSINIA",2007,"NY",16,8638580,2007
"YERSINIA",2007,"OR",19,7444834,2007
"YERSINIA",2007,"TN",13,12351454,2007
"YERSINIA",2008,"CA",11,6583408,2008
"YERSINIA",2008,"CO",7,5403276,2008
"YERSINIA",2008,"CT",15,7091158,2008
"YERSINIA",2008,"GA",45,19009686,2008
"YERSINIA",2008,"MD",14,11369930,2008
"YERSINIA",2008,"MN",17,10494036,2008
"YERSINIA",2008,"NM",2,4021324,2008
"YERSINIA",2008,"NY",19,8646898,2008
"YERSINIA",2008,"OR",15,7537496,2008
"YERSINIA",2008,"TN",21,12494822,2008
"YERSINIA",2009,"CA",10,6676702,2009
"YERSINIA",2009,"CO",4,5498396,2009
"YERSINIA",2009,"CT",22,7123614,2009
"YERSINIA",2009,"GA",37,19241692,2009
"YERSINIA",2009,"MD",11,11460776,2009
"YERSINIA",2009,"MN",13,10562406,2009
"YERSINIA",2009,"NM",2,4073604,2009
"YERSINIA",2009,"NY",13,8652990,2009
"YERSINIA",2009,"OR",17,7617200,2009
"YERSINIA",2009,"TN",23,12612038,2009
"YERSINIA",2010,"CA",8,6742064,2010
"YERSINIA",2010,"CO",4,5591348,2010
"YERSINIA",2010,"CT",13,7158346,2010
"YERSINIA",2010,"GA",53,19424418,2010
"YERSINIA",2010,"MD",14,11577568,2010
"YERSINIA",2010,"MN",13,10621868,2010
"YERSINIA",2010,"NM",1,4129228,2010
"YERSINIA",2010,"NY",15,8658452,2010
"YERSINIA",2010,"OR",17,7675228,2010
"YERSINIA",2010,"TN",21,12711036,2010
"YERSINIA",2011,"CA",8,6823896,2011
"YERSINIA",2011,"CO",11,5699260,2011
"YERSINIA",2011,"CT",7,7177264,2011
"YERSINIA",2011,"GA",32,19607260,2011
"YERSINIA",2011,"MD",13,11680482,2011
"YERSINIA",2011,"MN",28,10693240,2011
"YERSINIA",2011,"NM",0,4161414,2011
"YERSINIA",2011,"NY",23,8657466,2011
"YERSINIA",2011,"OR",17,7745344,2011
"YERSINIA",2011,"TN",24,12800596,2011
"YERSINIA",2012,"CA",7,6920262,2012
"YERSINIA",2012,"CO",4,5803670,2012
"YERSINIA",2012,"CT",23,7190422,2012
"YERSINIA",2012,"GA",32,19807160,2012
"YERSINIA",2012,"MD",10,11776750,2012
"YERSINIA",2012,"MN",23,10755000,2012
"YERSINIA",2012,"NM",2,4175430,2012
"YERSINIA",2012,"NY",24,8651646,2012
"YERSINIA",2012,"OR",22,7800204,2012
"YERSINIA",2012,"TN",15,12911504,2012
"YERSINIA",2013,"CA",16,7024912,2013
"YERSINIA",2013,"CO",14,5913398,2013
"YERSINIA",2013,"CT",9,7191584,2013
"YERSINIA",2013,"GA",38,19951184,2013
"YERSINIA",2013,"MD",8,11850394,2013
"YERSINIA",2013,"MN",16,10829444,2013
"YERSINIA",2013,"NM",1,4185666,2013
"YERSINIA",2013,"NY",20,8644848,2013
"YERSINIA",2013,"OR",32,7848220,2013
"YERSINIA",2013,"TN",23,12993886,2013
"YERSINIA",2014,"CA",15,7134442,2014
"YERSINIA",2014,"CO",9,6024746,2014
"YERSINIA",2014,"CT",3,7191394,2014
"YERSINIA",2014,"GA",28,20142408,2014
"YERSINIA",2014,"MD",12,11920128,2014
"YERSINIA",2014,"MN",18,10905330,2014
"YERSINIA",2014,"NM",2,4180472,2014
"YERSINIA",2014,"NY",19,8629338,2014
"YERSINIA",2014,"OR",21,7930894,2014
"YERSINIA",2014,"TN",9,13089234,2014
"YERSINIA",2015,"CA",13,7243422,2015
"YERSINIA",2015,"CO",10,6152718,2015
"YERSINIA",2015,"CT",18,7177122,2015
"YERSINIA",2015,"GA",21,20366706,2015
"YERSINIA",2015,"MD",18,11977056,2015
"YERSINIA",2015,"MN",23,10968004,2015
"YERSINIA",2015,"NM",3,4180142,2015
"YERSINIA",2015,"NY",18,8604116,2015
"YERSINIA",2015,"OR",22,8037084,2015
"YERSINIA",2015,"TN",8,13190708,2015
"YERSINIA",2016,"CA",13,7318734,2016
"YERSINIA",2016,"CO",39,6244946,2016
"YERSINIA",2016,"CT",48,7159660,2016
"YERSINIA",2016,"GA",28,20616884,2016
"YERSINIA",2016,"MD",22,12014028,2016
"YERSINIA",2016,"MN",72,11050720,2016
"YERSINIA",2016,"NM",4,4185110,2016
"YERSINIA",2016,"NY",27,8580286,2016
"YERSINIA",2016,"OR",41,8186542,2016
"YERSINIA",2016,"TN",24,13302554,2016
"YERSINIA",2017,"CA",21,7365836,2017
"YERSINIA",2017,"CO",64,6314826,2017
"YERSINIA",2017,"CT",53,7150648,2017
"YERSINIA",2017,"GA",61,20834062,2017
"YERSINIA",2017,"MD",53,12056372,2017
"YERSINIA",2017,"MN",98,11138566,2017
"YERSINIA",2017,"NM",11,4185688,2017
"YERSINIA",2017,"NY",28,8568618,2017
"YERSINIA",2017,"OR",62,8294588,2017
"YERSINIA",2017,"TN",47,13429496,2017
"YERSINIA",2018,"CA",12,7394224,2018
"YERSINIA",2018,"CO",35,6397792,2018
"YERSINIA",2018,"CT",67,7149122,2018
"YERSINIA",2018,"GA",71,21038778,2018
"YERSINIA",2018,"MD",64,12084306,2018
"YERSINIA",2018,"MN",114,11217524,2018
"YERSINIA",2018,"NM",7,4187508,2018
"YERSINIA",2018,"NY",23,8559336,2018
"YERSINIA",2018,"OR",42,8367076,2018
"YERSINIA",2018,"TN",42,13556360,2018
"YERSINIA",2019,"CA",17,7400242,2019
"YERSINIA",2019,"CO",70,6458826,2019
"YERSINIA",2019,"CT",119,7132044,2019
"YERSINIA",2019,"GA",102,21256040,2019
"YERSINIA",2019,"MD",100,12109908,2019
"YERSINIA",2019,"MN",126,11280106,2019
"YERSINIA",2019,"NM",9,4199268,2019
"YERSINIA",2019,"NY",39,8531148,2019
"YERSINIA",2019,"OR",54,8432232,2019
"YERSINIA",2019,"TN",45,13660650,2019
"YERSINIA",2020,"CA",22,7433518,2020
"YERSINIA",2020,"CO",36,6484002,2020
"YERSINIA",2020,"CT",51,NA,2020
"YERSINIA",2020,"GA",50,21459656,2020
"YERSINIA",2020,"MD",64,12346410,2020
"YERSINIA",2020,"MN",103,11419704,2020
"YERSINIA",2020,"NM",4,4236780,2020
"YERSINIA",2020,"NY",45,8686056,2020
"YERSINIA",2020,"OR",32,8489590,2020
"YERSINIA",2020,"TN",50,13851238,2020
"YERSINIA",2021,"CA",32,7236776,2021
"YERSINIA",2021,"CO",53,6489346,2021
"YERSINIA",2021,"CT",74,NA,2021
"YERSINIA",2021,"GA",127,21576058,2021
"YERSINIA",2021,"MD",106,12349220,2021
"YERSINIA",2021,"MN",118,11422942,2021
"YERSINIA",2021,"NM",7,4233354,2021
"YERSINIA",2021,"NY",61,8697126,2021
"YERSINIA",2021,"OR",56,8512602,2021
"YERSINIA",2021,"TN",66,13936702,2021
"YERSINIA",2022,"CA",42,7188800,2022
"YERSINIA",2022,"CO",98,6504710,2022
"YERSINIA",2022,"CT",102,NA,2022
"YERSINIA",2022,"GA",190,21825752,2022
"YERSINIA",2022,"MD",160,12329320,2022
"YERSINIA",2022,"MN",172,11434368,2022
"YERSINIA",2022,"NM",6,4226688,2022
"YERSINIA",2022,"NY",78,8656976,2022
"YERSINIA",2022,"OR",47,8480274,2022
"YERSINIA",2022,"TN",116,14102678,2022
"YERSINIA",2023,"CA",54,7188800,2023
"YERSINIA",2023,"CO",138,6504710,2023
"YERSINIA",2023,"CT",133,NA,2023
"YERSINIA",2023,"GA",193,21825752,2023
"YERSINIA",2023,"MD",203,12329320,2023
"YERSINIA",2023,"MN",284,11434368,2023
"YERSINIA",2023,"NM",12,4226688,2023
"YERSINIA",2023,"NY",109,8656976,2023
"YERSINIA",2023,"OR",68,8480274,2023
"YERSINIA",2023,"TN",152,14102678,2023
